SALE TYPE,SOLD DATE,PROPERTY TYPE,ADDRESS,CITY,STATE OR PROVINCE,ZIP OR POSTAL CODE,PRICE,BEDS,BATHS,LOCATION,SQUARE FEET,LOT SIZE,YEAR BUILT,DAYS ON MARKET,$/SQUARE FEET,HOA/MONTH,STATUS,NEXT OPEN HOUSE START TIME,NEXT OPEN HOUSE END TIME,URL (SEE http://www.redfin.com/buy-a-home/comparative-market-analysis FOR INFO ON PRICING),SOURCE,MLS#,FAVORITE,INTERESTED,LATITUDE,LONGITUDE
MLS Listing,,Condo/Co-op,3062 S Buchanan St Unit B1,Arlington,VA,22206,289900,1,1.0,FAIRLINGTON VILLAGES,767,,1944,1,378,280,Active,,,http://www.redfin.com/VA/Arlington/3062-S-Buchanan-St-22206/unit-B1/home/11268963,BRIGHT MLS,VAAR2002784,N,Y,38.8367629,-77.0976666
MLS Listing,,Townhouse,8071 Sky Blue Dr,Alexandria,VA,22315,525000,3,2.5,LANDSDOWNE,1740,1420,1989,2,302,102,Active,,,http://www.redfin.com/VA/Alexandria/8071-Sky-Blue-Dr-22315/home/9807318,BRIGHT MLS,VAFX2011186,N,Y,38.737476,-77.16931
MLS Listing,,Townhouse,4225 32nd Rd S,Arlington,VA,22206,649000,2,2.0,CLARENDON,1500,,1940,2,433,467,Active,August-15-2021 01:00 PM,August-15-2021 03:00 PM,http://www.redfin.com/VA/Arlington/4225-32nd-Rd-S-22206/home/11269666,BRIGHT MLS,VAAR2003318,N,Y,38.8364126,-77.086541
MLS Listing,,Single Family Residential,4811 Seminole Ave,Alexandria,VA,22312,585000,3,3.0,WEYANOKE,1536,7500,1935,3,381,,Active,August-15-2021 01:00 PM,August-15-2021 03:00 PM,http://www.redfin.com/VA/Alexandria/4811-Seminole-Ave-22312/home/9722863,BRIGHT MLS,VAFX2011686,N,Y,38.8196088,-77.1532786
MLS Listing,,Townhouse,536 E Luray Ave,Alexandria,VA,22301,700000,2,2.0,BRENTON,1224,1504,1944,3,572,,Active,August-15-2021 01:00 PM,August-15-2021 03:00 PM,http://www.redfin.com/VA/Alexandria/536-E-Luray-Ave-22301/home/11844231,BRIGHT MLS,VAAX2002336,N,Y,38.818421,-77.0536561
MLS Listing,,Condo/Co-op,2500 N Van Dorn St #1403,Alexandria,VA,22302,219000,2,2.0,PARK PLACE,1042,,1965,3,210,811,Active,August-15-2021 01:00 PM,August-15-2021 03:00 PM,http://www.redfin.com/VA/Alexandria/2500-N-Van-Dorn-St-22302/unit-1403/home/11868001,BRIGHT MLS,VAAX2002084,N,Y,38.8326778,-77.0997478
MLS Listing,,Townhouse,5927 Kirkcaldy Ln,Alexandria,VA,22315,565000,2,3.0,KINGSTOWNE SEC 34D,2022,1335,2000,8,279,120,Active,,,http://www.redfin.com/VA/Alexandria/5927-Kirkcaldy-Ln-22315/home/9783485,BRIGHT MLS,VAFX2011350,N,Y,38.766891,-77.138757
MLS Listing,,Single Family Residential,3301 Russell,Alexandria,VA,22305,1025000,4,2.5,MOUNT IDA,2486,10020,1937,9,412,,Active,,,http://www.redfin.com/VA/Alexandria/3301-Russell-Rd-22305/home/11847088,BRIGHT MLS,VAAX2002360,N,Y,38.8346749,-77.0671655
MLS Listing,,Condo/Co-op,4654 Lawton Way,Alexandria,VA,22311,280000,1,1.0,MANORS AT STONEGATE,834,,1992,9,336,359,Active,,,http://www.redfin.com/VA/Alexandria/4654-Lawton-Way-22311/unit-2/home/11871673,BRIGHT MLS,VAAX2002176,N,Y,38.834317,-77.111317
MLS Listing,,Condo/Co-op,5911 Edsall Rd #502,Alexandria,VA,22304,246000,2,2.0,HIGHPOINTE,1002,,1978,10,246,607,Active,,,http://www.redfin.com/VA/Alexandria/5911-Edsall-Rd-22304/unit-502/home/11869767,BRIGHT MLS,VAAX2002180,N,Y,38.8079336,-77.1369216
MLS Listing,,Condo/Co-op,5300 Holmes Run Pkwy #1509,Alexandria,VA,22304,284900,2,2.0,GREENHOUSE,1025,,1975,11,278,612,Active,,,http://www.redfin.com/VA/Alexandria/5300-Holmes-Run-Pkwy-22304/unit-1509/home/11855823,BRIGHT MLS,VAAX2002050,N,Y,38.8152981,-77.1219453
MLS Listing,,Condo/Co-op,1 W Maple St #102,Alexandria,VA,22301,319900,1,1.0,ROSEMONT,540,,1938,11,592,307,Active,,,http://www.redfin.com/VA/Alexandria/1-W-Maple-St-22301/unit-102/home/143365448,BRIGHT MLS,VAAX2002228,N,Y,38.8115044,-77.0617065
MLS Listing,,Condo/Co-op,207 Skyhill Rd #9,Alexandria,VA,22314,334999,2,1.0,SEMINARY WALK,979,,1959,15,342,347,Active,August-22-2021 01:00 PM,August-22-2021 04:00 PM,http://www.redfin.com/VA/Alexandria/207-Skyhill-Rd-22314/unit-9/home/11868316,BRIGHT MLS,VAAX2001848,N,Y,38.8103488,-77.076188
MLS Listing,,Condo/Co-op,4550 Strutfield Ln #2401,Alexandria,VA,22311,289900,1,1.0,PALAZZO AT PARK CENTER,726,,2000,16,399,344,Active,,,http://www.redfin.com/VA/Alexandria/4550-Strutfield-Ln-22311/unit-2401/home/11877617,BRIGHT MLS,VAAX2001972,N,Y,38.8355869,-77.10574
MLS Listing,,Townhouse,130 Meadows Ln,Alexandria,VA,22304,649900,3,3.5,TOWNES AT CAMERON PARKE,1854,1613,2000,16,351,116,Active,August-15-2021 01:30 PM,August-15-2021 03:30 PM,http://www.redfin.com/VA/Alexandria/130-Meadows-Ln-22304/home/11872704,BRIGHT MLS,VAAX2001992,N,Y,38.80527,-77.093486
MLS Listing,,Single Family Residential,3502 Norris Pl,Alexandria,VA,22305,799900,4,1.0,BEVERLY HILLS,1483,5016,1938,19,539,,Active,,,http://www.redfin.com/VA/Alexandria/3502-Norris-Pl-22305/home/11849092,BRIGHT MLS,VAAX2001518,N,Y,38.8379273,-77.0664525
MLS Listing,,Single Family Residential,8912 Dogue Dr,Alexandria,VA,22309,799900,5,3.5,KEYS AND RUSSELL,3640,21783,1955,24,220,,Active,,,http://www.redfin.com/VA/Alexandria/8912-Dogue-Dr-22309/home/9825261,BRIGHT MLS,VAFX2009658,N,Y,38.7159866,-77.1253032
MLS Listing,,Condo/Co-op,525 N Fayette St #618,Alexandria,VA,22314,614000,2,2.0,THE MONARCH,1093,,2008,31,562,656,Active,,,http://www.redfin.com/VA/Alexandria/525-N-Fayette-St-22314/unit-618/home/17061405,BRIGHT MLS,VAAX2001276,N,Y,38.8112549,-77.0511519
MLS Listing,,Condo/Co-op,2451 Midtown Ave #1025,Alexandria,VA,22303,329900,1,1.0,MIDTOWN ALEXANDRIA STATI,805,,2007,31,410,373,Active,,,http://www.redfin.com/VA/Alexandria/2451-Midtown-Ave-22303/unit-1025/home/22060305,BRIGHT MLS,VAFX2007700,N,Y,38.7966107,-77.0742479
MLS Listing,,Condo/Co-op,815 N Patrick St,Alexandria,VA,22314,509900,2,1.5,OLD TOWN COMMONS,872,,2013,36,585,433,Active,,,http://www.redfin.com/VA/Alexandria/815-N-Patrick-St-22314/home/40525371,BRIGHT MLS,VAAX2001074,N,Y,38.8139151,-77.0483226
MLS Listing,,Condo/Co-op,6425 Richmond Hwy #301,Alexandria,VA,22306,339000,2,2.0,HUNTINGTON RUN CONDO,1094,,1990,36,310,300,Active,,,http://www.redfin.com/VA/Alexandria/6425-Richmond-Hwy-22306/unit-301/home/9793298,BRIGHT MLS,VAFX2005136,N,Y,38.776936,-77.07938
MLS Listing,,Townhouse,3760 Jason Ave,Alexandria,VA,22302,469500,2,1.5,FAIRLINGTON TOWNE,1005,,1954,37,467,315,Active,,,http://www.redfin.com/VA/Alexandria/3760-Jason-Ave-22302/home/56876342,BRIGHT MLS,VAAX2000686,N,Y,38.8295288,-77.0941393
MLS Listing,,Condo/Co-op,1611 Hunting Creek Dr Unit B,Alexandria,VA,22314,650000,2,2.0,OLD TOWN GREENS,1513,,2000,38,430,430,Active,,,http://www.redfin.com/VA/Alexandria/1611-Hunting-Creek-Dr-22314/unit-B/home/11874020,BRIGHT MLS,VAAX2000862,N,Y,38.8227033,-77.0455951
MLS Listing,,Single Family Residential,4325 Agnew Ave,Alexandria,VA,22309,824900,5,3.5,MOUNT ZEPHYR PARK,4566,20000,2001,39,181,,Active,,,http://www.redfin.com/VA/Alexandria/4325-Agnew-Ave-22309/home/9813877,BRIGHT MLS,VAFX2003392,N,Y,38.7270882,-77.1084692
MLS Listing,,Townhouse,966 N Washington St,Alexandria,VA,22314,1172000,3,3.5,OLD TOWN GATEWAY,2101,1553,1996,44,558,117,Active,,,http://www.redfin.com/VA/Alexandria/966-N-Washington-St-22314/home/11872856,BRIGHT MLS,VAAX2000768,N,Y,38.8157809,-77.0449102
MLS Listing,,Townhouse,138 Lynhaven Dr,Alexandria,VA,22305,665000,3,2.0,LYNHAVEN,1296,1728,1941,51,513,,Active,,,http://www.redfin.com/VA/Alexandria/138-Lynhaven-Dr-22305/home/11845369,BRIGHT MLS,VAAX2000550,N,Y,38.8362094,-77.0550447
MLS Listing,,Townhouse,6826 Ericka Ave,Alexandria,VA,22310,509500,3,3.5,MANCHESTER LAKES NBHD 6,1650,1560,1990,53,309,139,Active,,,http://www.redfin.com/VA/Alexandria/6826-Ericka-Ave-22310/home/9783943,BRIGHT MLS,VAFX2000638,N,Y,38.769014,-77.145048
MLS Listing,,Condo/Co-op,906 S Washington St #213,Alexandria,VA,22314,214000,0,1.0,BEARINGS SOUTH,469,,1941,60,456,345,Active,,,http://www.redfin.com/VA/Alexandria/906-S-Washington-St-22314/unit-213/home/11878824,BRIGHT MLS,VAAX260728,N,Y,38.7955846,-77.0484858
MLS Listing,,Townhouse,3364 Martha Custis Dr,Alexandria,VA,22302,295000,1,1.0,PARKFAIRFAX,805,,1941,66,366,420,Active,,,http://www.redfin.com/VA/Alexandria/3364-Martha-Custis-Dr-22302/home/11862938,BRIGHT MLS,VAAX260698,N,Y,38.83527,-77.084519
MLS Listing,,Condo/Co-op,112 Roberts Ln #201,Alexandria,VA,22314,359000,2,2.0,FORT ELLSWORTH,1118,,1974,67,321,562,Active,,,http://www.redfin.com/VA/Alexandria/112-Roberts-Ln-22314/unit-201/home/11850701,BRIGHT MLS,VAAX260886,N,Y,38.8075727,-77.0720759
MLS Listing,,Townhouse,3537 S Stafford St Unit A2,Arlington,VA,22206,509900,2,2.0,FAIRLINGTON GLEN,1490,,1940,74,342,355,Active,,,http://www.redfin.com/VA/Arlington/3537-S-Stafford-St-22206/unit-A2/home/11270780,BRIGHT MLS,VAAR181798,N,Y,38.8300547,-77.0863978
MLS Listing,,Townhouse,702 Bashford Ln,Alexandria,VA,22314,625000,2,2.5,VIRGINIA VILLAGE,1093,627,1980,87,572,236,Active,,,http://www.redfin.com/VA/Alexandria/702-Bashford-Ln-22314/home/11864075,BRIGHT MLS,VAAX259968,N,Y,38.818472,-77.044956
MLS Listing,,Condo/Co-op,7975 Audubon Ave Unit A1,Alexandria,VA,22306,175000,2,1.5,COLCHESTER TOWNE CONDO,872,,1973,91,201,490,Active,,,http://www.redfin.com/VA/Alexandria/7975-Audubon-Ave-22306/unit-A1/home/9813413,BRIGHT MLS,VAFX1201698,N,Y,38.7410736,-77.0931839
MLS Listing,,Condo/Co-op,801 N Pitt St #801,Alexandria,VA,22314,299900,1,1.0,PORT ROYAL,785,,1965,145,382,728,Active,,,http://www.redfin.com/VA/Alexandria/801-N-Pitt-St-22314/unit-801/home/11866926,BRIGHT MLS,VAAX256904,N,Y,38.8133756,-77.042279
Redfin Data,,Single Family Residential,2508 N Chambliss St,Alexandria,VA,22311,1100000,5,3.5,Alexandria,3608,7550,,1,305,,Pre On-Market,,,http://www.redfin.com/VA/Alexandria/2508-N-Chambliss-St-22311/home/9652813,Coming Soon,75411,N,Y,38.8358398,-77.1289439
Redfin Data,,Townhouse,2321 Huntington Station Ct,Alexandria,VA,22303,650000,3,2.5,Alexandria,1680,1214,2003,1,387,112,Pre On-Market,,,http://www.redfin.com/VA/Alexandria/2321-Huntington-Station-Ct-22303/home/9841534,Coming Soon,75410,N,Y,38.7964339,-77.0733439
Redfin Data,,Single Family Residential,637 S St Asaph St,Alexandria,VA,22314,925000,3,2.5,Alexandria,1290,1450,1770,1,717,,Pre On-Market,,,http://www.redfin.com/VA/Alexandria/637-S-St-Asaph-St-22314/home/11841212,Coming Soon,75401,N,Y,38.7983161,-77.0474851
Redfin Data,,Single Family Residential,126 S Fairfax St,Alexandria,VA,22314,3600000,7,6.0,Alexandria,6974,3606,1800,9,516,,Pre On-Market,,,http://www.redfin.com/VA/Alexandria/126-S-Fairfax-St-22314/home/11866190,Coming Soon,75049,N,Y,38.8036478,-77.0426239
MLS Listing,,Condo/Co-op,401 N Armistead St #111,Alexandria,VA,22312,223000,2,1.0,THE SEASONS,1050,,1963,1,212,606,Active,August-15-2021 01:00 PM,August-15-2021 04:00 PM,http://www.redfin.com/VA/Alexandria/401-N-Armistead-St-22312/unit-111/home/11856333,BRIGHT MLS,VAAX2002690,N,Y,38.8193346,-77.134989
MLS Listing,,Condo/Co-op,5904 Mount Eagle Dr #906,Alexandria,VA,22303,449500,2,2.0,MONTEBELLO CONDO,1195,,1986,1,376,796,Active,,,http://www.redfin.com/VA/Alexandria/5904-Mt-Eagle-Dr-22303/unit-906/home/9763671,BRIGHT MLS,VAFX2015332,N,Y,38.7883078,-77.0689033
MLS Listing,,Townhouse,8168 Fernlake Ct,Alexandria,VA,22309,425000,4,2.5,PINEWOOD LAKE,1408,2278,1968,1,302,,Active,,,http://www.redfin.com/VA/Alexandria/8168-Fernlake-Ct-22309/home/9814429,BRIGHT MLS,VAFX2011154,N,Y,38.735398,-77.107964
MLS Listing,,Condo/Co-op,3235 Gunston Rd #3235,Alexandria,VA,22302,335000,1,1.0,PARKFAIRFAX,760,,1941,1,441,397,Active,,,http://www.redfin.com/VA/Alexandria/3235-Gunston-Rd-22302/unit-3235/home/54662959,BRIGHT MLS,VAAX2002438,N,Y,38.8340704,-77.078448
MLS Listing,,Single Family Residential,2007 Old Stage Rd,Alexandria,VA,22308,849900,4,3.0,DENVER SPRINGS,2352,12817,1973,1,361,,Active,August-15-2021 12:00 PM,August-15-2021 03:00 PM,http://www.redfin.com/VA/Alexandria/2007-Old-Stage-Rd-22308/home/9819479,BRIGHT MLS,VAFX2003246,N,Y,38.7283779,-77.0658679
MLS Listing,,Single Family Residential,1905 Wakefield St,Alexandria,VA,22308,975000,4,3.0,SULGRAVE VILLAGE,4079,21870,1965,1,239,,Active,August-15-2021 02:00 PM,August-15-2021 04:00 PM,http://www.redfin.com/VA/Alexandria/1905-Wakefield-St-22308/home/9827900,BRIGHT MLS,VAFX2009242,N,Y,38.7140174,-77.0635969
MLS Listing,,Townhouse,5109 Woodmire Ln,Alexandria,VA,22311,650000,3,3.0,SEMINARY PARK,2260,1836,1980,1,288,66,Active,August-15-2021 01:00 PM,August-15-2021 04:00 PM,http://www.redfin.com/VA/Alexandria/5109-Woodmire-Ln-22311/home/11863855,BRIGHT MLS,VAAX2002436,N,Y,38.835051,-77.119379
MLS Listing,,Townhouse,6131 Liverpool Ln,Alexandria,VA,22315,440000,2,2.5,KINGSTOWNE SEC 26,1380,1053,1990,1,319,106,Active,August-15-2021 02:00 PM,August-15-2021 04:00 PM,http://www.redfin.com/VA/Alexandria/6131-Liverpool-Ln-22315/home/9787876,BRIGHT MLS,VAFX2015296,N,Y,38.758605,-77.143254
MLS Listing,,Single Family Residential,1815 Drury Ln,Alexandria,VA,22307,675000,3,1.0,HOLLIN HILLS,1064,16120,1950,1,634,,Active,August-15-2021 01:00 PM,August-15-2021 04:00 PM,http://www.redfin.com/VA/Alexandria/1815-Drury-Ln-22307/home/9795118,BRIGHT MLS,VAFX2012564,N,Y,38.7587213,-77.0623602
MLS Listing,,Single Family Residential,8301 Frye Rd,Alexandria,VA,22309,699000,4,2.5,PART OF WOODLAWN,2160,66969,1955,1,324,,Active,,,http://www.redfin.com/VA/Alexandria/8301-Frye-Rd-22309/home/9813729,BRIGHT MLS,VAFX2015522,N,Y,38.7320851,-77.1130319
MLS Listing,,Single Family Residential,8708 Lukens Ln,Alexandria,VA,22309,950000,2,1.0,LUKENS FARM,1056,23008,1941,1,900,,Active,,,http://www.redfin.com/VA/Alexandria/8708-Lukens-Ln-22309/home/9825468,BRIGHT MLS,VAFX2015520,N,Y,38.7212919,-77.1198195
MLS Listing,,Condo/Co-op,8641-B Sacramento Dr #8641,Alexandria,VA,22309,199000,1,1.0,THE VILLAGES CONDO,829,,1974,1,240,311,Active,,,http://www.redfin.com/VA/Alexandria/8641B-Sacramento-Dr-22309/unit-8641/home/176123068,BRIGHT MLS,VAFX2006408,N,Y,38.723205,-77.127993
MLS Listing,,Condo/Co-op,5500 #317 Holmes Run Pkwy #317,Alexandria,VA,22304,280000,2,2.0,PLACE ONE,1240,,1974,1,226,710,Active,,,http://www.redfin.com/VA/Alexandria/5500-Holmes-Run-Pkwy-22304/unit-317/home/11855923,BRIGHT MLS,VAAX2002670,N,Y,38.8177987,-77.1277079
MLS Listing,,Condo/Co-op,1817 Kenwood Ave,Alexandria,VA,22302,485000,2,2.5,KINGSGATE,1426,,1993,1,340,390,Active,,,http://www.redfin.com/VA/Alexandria/1817-Kenwood-Ave-22302/home/11872107,BRIGHT MLS,VAAX2001754,N,Y,38.8281413,-77.0849036
MLS Listing,,Condo/Co-op,801 N Howard St #403,Alexandria,VA,22304,319000,2,2.0,PLAZA,1026,,1974,1,311,306,Active,,,http://www.redfin.com/VA/Alexandria/801-N-Howard-St-22304/unit-403/home/11867388,BRIGHT MLS,VAAX2002524,N,Y,38.817995,-77.104654
MLS Listing,,Single Family Residential,6110 Fairfield Pl,Alexandria,VA,22310,549950,3,2.0,ROSE HILL FARM,2184,18020,1956,1,252,,Active,,,http://www.redfin.com/VA/Alexandria/6110-Fairfield-Pl-22310/home/9757528,BRIGHT MLS,VAFX2010038,N,Y,38.7840429,-77.1197296
MLS Listing,,Condo/Co-op,1200 Braddock Pl #806,Alexandria,VA,22314,425000,1,1.0,BRADDOCK PLACE,750,,1990,1,567,427,Active,August-15-2021 01:00 PM,August-15-2021 04:00 PM,http://www.redfin.com/VA/Alexandria/1200-Braddock-Pl-22314/unit-806/home/11870364,BRIGHT MLS,VAAX2002592,N,Y,38.8147475,-77.0509145
MLS Listing,,Condo/Co-op,6506 Potomac Ave Unit B1,Alexandria,VA,22307,249900,2,1.0,BELLE VIEW CONDO,793,,1950,1,315,428,Active,August-15-2021 02:00 PM,August-15-2021 05:00 PM,http://www.redfin.com/VA/Alexandria/6506-Potomac-Ave-22307/unit-B1/home/9793696,BRIGHT MLS,VAFX2015100,N,Y,38.775796,-77.057204
MLS Listing,,Townhouse,5712 Gladden Ct,Alexandria,VA,22303,535000,3,3.0,LOFTRIDGE,1624,1480,1985,1,329,87,Active,August-15-2021 02:00 PM,August-15-2021 04:00 PM,http://www.redfin.com/VA/Alexandria/5712-Gladden-Ct-22303/home/9756924,BRIGHT MLS,VAFX2012408,N,Y,38.79606,-77.0995949
MLS Listing,,Single Family Residential,8110 Fort Hunt Rd,Alexandria,VA,22308,595000,3,2.0,HOLLIN HALL VILLAGE,1200,9464,1951,1,496,,Active,,,http://www.redfin.com/VA/Alexandria/8110-Fort-Hunt-Rd-22308/home/9817874,BRIGHT MLS,VAFX2013748,N,Y,38.73756,-77.054407
MLS Listing,,Condo/Co-op,801 N Pitt St #1505,Alexandria,VA,22314,320000,1,1.0,PORT ROYAL,787,,1965,1,407,650,Active,,,http://www.redfin.com/VA/Alexandria/801-N-Pitt-St-22314/unit-1505/home/11866989,BRIGHT MLS,VAAX2002640,N,Y,38.8133756,-77.042279
MLS Listing,,Townhouse,7216 Cherwell Ln,Alexandria,VA,22315,560000,3,3.5,KINGSTOWNE SEC 30,2546,1500,1989,1,220,105,Active,August-15-2021 12:00 PM,August-15-2021 03:00 PM,http://www.redfin.com/VA/Alexandria/7216-Cherwell-Ln-22315/home/9788198,BRIGHT MLS,VAFX2011044,N,Y,38.760846,-77.1374656
MLS Listing,,Condo/Co-op,5704 Olde Mill Ct #134,Alexandria,VA,22309,252000,2,2.0,OLDE MILL,898,,1989,1,281,275,Active,,,http://www.redfin.com/VA/Alexandria/5704-Olde-Mill-Ct-22309/unit-134/home/9810705,BRIGHT MLS,VAFX2015040,N,Y,38.7233972,-77.1331014
MLS Listing,,Townhouse,7455 Hatherleigh Ct,Alexandria,VA,22315,484950,3,3.5,HAYFIELD VIEW,1980,1600,1984,1,245,122,Active,,,http://www.redfin.com/VA/Alexandria/7455-Hatherleigh-Ct-22315/home/9787427,BRIGHT MLS,VAFX2012546,N,Y,38.7561736,-77.1385171
MLS Listing,,Single Family Residential,2003 Volley Ct,Alexandria,VA,22308,774000,4,2.5,COLLINGWOOD SPRINGS,1342,11666,1966,1,577,,Active,August-15-2021 11:00 AM,August-15-2021 01:00 PM,http://www.redfin.com/VA/Alexandria/2003-Volley-Ct-22308/home/9819433,BRIGHT MLS,VAFX2008210,N,Y,38.7299951,-77.0661152
MLS Listing,,Single Family Residential,7558 Cross Gate Ln,Alexandria,VA,22315,664999,3,2.5,KINGSTOWNE,2017,4180,1987,1,330,105,Active,August-15-2021 01:00 PM,August-15-2021 03:00 PM,http://www.redfin.com/VA/Alexandria/7558-Cross-Gate-Ln-22315/home/9787516,BRIGHT MLS,VAFX2013174,N,Y,38.7555369,-77.1450785
MLS Listing,,Condo/Co-op,301 N Beauregard St #309,Alexandria,VA,22312,127303,1,1.0,THE FOUNTAINS,590,,1968,1,216,401,Active,,,http://www.redfin.com/VA/Alexandria/301-N-Beauregard-St-22312/unit-309/home/11856848,BRIGHT MLS,VAAX2002644,N,Y,38.8198462,-77.138135
MLS Listing,,Condo/Co-op,3709 S George Mason Dr Unit 1714 E,Falls Church,VA,22041,484900,3,2.5,SKYLINE HOUSE PH2,1911,,1980,1,254,893,Active,August-15-2021 12:00 PM,August-15-2021 03:00 PM,http://www.redfin.com/VA/Falls-Church/3709-S-George-Mason-Dr-22041/unit-1714/home/9659545,BRIGHT MLS,VAFX2015346,N,Y,38.8422637,-77.1160689
MLS Listing,,Condo/Co-op,3701 S George Mason Dr Unit 1001N,Falls Church,VA,22041,244900,1,1.0,SKYLINE PLAZA N CONDO,756,,1973,1,324,418,Active,,,http://www.redfin.com/VA/Falls-Church/3701-S-George-Mason-Dr-22041/unit-1001N/home/9657079,BRIGHT MLS,VAFX2015026,N,Y,38.8437982,-77.114403
MLS Listing,,Townhouse,3816 Jay Ave,Alexandria,VA,22302,479900,2,1.5,FAIRLINGTON TOWNE,835,,1954,1,575,315,Active,,,http://www.redfin.com/VA/Alexandria/3816-Jay-Ave-22302/home/11867237,BRIGHT MLS,VAAX2002056,N,Y,38.829607,-77.0955555
MLS Listing,,Single Family Residential,1214 W Braddock Rd,Alexandria,VA,22302,999000,3,2.5,TEMPLE TERRACE,1472,8298,1939,1,679,,Active,August-15-2021 01:00 PM,August-15-2021 04:00 PM,http://www.redfin.com/VA/Alexandria/1214-W-Braddock-Rd-22302/home/11849643,BRIGHT MLS,VAAX2002658,N,Y,38.8260405,-77.0801225
MLS Listing,,Single Family Residential,5916 Ewing Pl,Alexandria,VA,22310,974000,5,4.5,VICTORIA OAKS,4245,12791,1996,2,229,,Active,,,http://www.redfin.com/VA/Alexandria/5916-Ewing-Pl-22310/home/9759923,BRIGHT MLS,VAFX2013566,N,Y,38.790646,-77.1034343
MLS Listing,,Condo/Co-op,6300 Stevenson Ave #522,Alexandria,VA,22304,279000,2,2.0,SENTINEL OF LANDMARK,1054,,1980,2,265,668,Active,,,http://www.redfin.com/VA/Alexandria/6300-Stevenson-Ave-22304/unit-522/home/11864255,BRIGHT MLS,VAAX2002558,N,Y,38.812736,-77.1410563
MLS Listing,,Single Family Residential,2613 Groveton St,Alexandria,VA,22306,400000,3,2.0,MEMORIAL HEIGHTS,672,6224,1941,2,595,,Active,,,http://www.redfin.com/VA/Alexandria/2613-Groveton-St-22306/home/9792096,BRIGHT MLS,VAFX1202402,N,Y,38.7663322,-77.0775145
MLS Listing,,Townhouse,5025 Domain Pl #26,Alexandria,VA,22311,584900,3,3.0,DOMAIN,2046,,1976,2,286,133,Active,August-15-2021 01:00 PM,August-15-2021 04:00 PM,http://www.redfin.com/VA/Alexandria/5025-Domain-Pl-22311/unit-26/home/169362551,BRIGHT MLS,VAAX2002002,N,Y,38.838511,-77.11559
MLS Listing,,Single Family Residential,6406 Prospect Ter,Alexandria,VA,22310,559000,4,2.0,VERGINIA HILLS,1900,10003,1954,2,294,,Active,August-15-2021 02:00 PM,August-15-2021 04:00 PM,http://www.redfin.com/VA/Alexandria/6406-Prospect-Ter-22310/home/9758840,BRIGHT MLS,VAFX2013552,N,Y,38.778671,-77.1008043
MLS Listing,,Townhouse,2842 S Meade St,Arlington,VA,22206,549000,3,2.0,OLDE FACTORY,1200,,1983,2,458,125,Active,August-15-2021 01:00 PM,August-15-2021 03:00 PM,http://www.redfin.com/VA/Arlington/2842-S-Meade-St-22206/home/11277808,BRIGHT MLS,VAAR2003396,N,Y,38.8448491,-77.0705011
MLS Listing,,Condo/Co-op,6151 Edsall Rd Unit N,Alexandria,VA,22304,250000,2,1.5,EDSALL BLUFF,965,,1973,2,259,451,Active,,,http://www.redfin.com/VA/Alexandria/6151-Edsall-Rd-22304/unit-N/home/11855429,BRIGHT MLS,VAAX2002254,N,Y,38.8083422,-77.1403399
MLS Listing,,Single Family Residential,8125 Kidd St,Alexandria,VA,22309,539999,3,3.5,MT VERNON VALLEY,1184,11600,1962,2,456,,Active,August-15-2021 02:00 PM,August-15-2021 04:00 PM,http://www.redfin.com/VA/Alexandria/8125-Kidd-St-22309/home/9814349,BRIGHT MLS,VAFX2012472,N,Y,38.7361596,-77.1127622
MLS Listing,,Townhouse,1210 Wilkes St,Alexandria,VA,22314,725000,2,1.5,CAVALIER HOMES,1296,1922,1940,2,559,,Active,August-15-2021 02:00 PM,August-15-2021 04:00 PM,http://www.redfin.com/VA/Alexandria/1210-Wilkes-St-22314/home/11839884,BRIGHT MLS,VAAX2001026,N,Y,38.801079,-77.053931
MLS Listing,,Condo/Co-op,6905 Victoria Dr Unit 6905-I,Alexandria,VA,22310,292000,2,2.0,SURREY AT,857,,1987,2,341,405,Active,,,http://www.redfin.com/VA/Alexandria/6905-Victoria-Dr-22310/unit-6905-I/home/176109398,BRIGHT MLS,VAFX2013754,N,Y,38.7681229,-77.150988
MLS Listing,,Townhouse,2045 Blunt Ln,Alexandria,VA,22303,699900,3,3.5,HUNTINGTON MEWS,2064,1428,2011,2,339,74,Active,August-15-2021 01:00 PM,August-15-2021 02:30 PM,http://www.redfin.com/VA/Alexandria/2045-Blunt-Ln-22303/home/40026905,BRIGHT MLS,VAFX2013136,N,Y,38.7921605,-77.0654967
MLS Listing,,Townhouse,7409 Duddington Dr,Alexandria,VA,22315,480000,4,3.5,HAYFIELD VIEW,1320,1600,1985,2,364,125,Active,,,http://www.redfin.com/VA/Alexandria/7409-Duddington-Dr-22315/home/9787449,BRIGHT MLS,VAFX2010674,N,Y,38.757939,-77.138554
MLS Listing,,Single Family Residential,6207 Franconia Forest Ct,Alexandria,VA,22310,649900,4,2.5,FRANCONIA FOREST,1847,8420,1979,2,352,,Active,August-15-2021 01:00 PM,August-15-2021 04:00 PM,http://www.redfin.com/VA/Alexandria/6207-Franconia-Forest-Ct-22310/home/9752592,BRIGHT MLS,VAFX2011474,N,Y,38.7843031,-77.152718
MLS Listing,,Townhouse,8304 Claremont Woods Dr,Alexandria,VA,22309,398000,3,3.5,GEORGELAND VILLAGE PHASE,1670,1551,1985,2,238,83,Active,August-15-2021 01:00 PM,August-15-2021 04:00 PM,http://www.redfin.com/VA/Alexandria/8304-Claremont-Woods-Dr-22309/home/9814842,BRIGHT MLS,VAFX2012552,N,Y,38.7335977,-77.1083793
MLS Listing,,Townhouse,4912 John Ticer Dr,Alexandria,VA,22304,935000,4,3.5,CAMERON STATION,2961,2072,1999,2,316,133,Active,,,http://www.redfin.com/VA/Alexandria/4912-John-Ticer-Dr-22304/home/11873840,BRIGHT MLS,VAAX2002550,N,Y,38.8103616,-77.1170775
MLS Listing,,Condo/Co-op,922 S Washington St #306,Alexandria,VA,22314,269999,1,1.0,BEARINGS SOUTH,631,,1941,2,428,419,Active,August-28-2021 12:00 PM,August-28-2021 03:00 PM,http://www.redfin.com/VA/Alexandria/922-S-Washington-St-22314/unit-306/home/11878867,BRIGHT MLS,VAAX2002414,N,Y,38.7950018,-77.0486507
MLS Listing,,Condo/Co-op,7509-M Ashby Ln Unit M,Alexandria,VA,22315,349900,2,2.0,STRATFORD PLACE AT KINGS,1137,,1990,2,308,404,Active,,,http://www.redfin.com/VA/Alexandria/7509-Ashby-Ln-22315/unit-M/home/9786149,BRIGHT MLS,VAFX2015308,N,Y,38.752862,-77.149516
MLS Listing,,Townhouse,11 Kennedy St,Alexandria,VA,22305,729900,2,2.0,WARWICK VILLAGE,1604,2054,1956,2,455,,Active,August-15-2021 02:00 PM,August-15-2021 04:00 PM,http://www.redfin.com/VA/Alexandria/11-Kennedy-St-22305/home/11847167,BRIGHT MLS,VAAX2002458,N,Y,38.83302,-77.060469
MLS Listing,,Townhouse,4639 Latrobe Pl,Alexandria,VA,22311,847500,3,3.5,STONEGATE,2414,1987,1998,2,351,129,Active,,,http://www.redfin.com/VA/Alexandria/4639-Latrobe-Pl-22311/home/11872803,BRIGHT MLS,VAAX2002538,N,Y,38.83322,-77.1104359
MLS Listing,,Condo/Co-op,7704-F Haynes Point Way Unit F,Alexandria,VA,22315,399900,3,2.0,CARRDINAL PLACE CONDO,1277,,1996,2,313,317,Active,August-15-2021 02:00 PM,August-15-2021 04:00 PM,http://www.redfin.com/VA/Alexandria/7704F-Haynes-Point-Way-22315/unit-F/home/114063830,BRIGHT MLS,VAFX2013828,N,Y,38.748883,-77.173348
MLS Listing,,Single Family Residential,3 Rosecrest Ave,Alexandria,VA,22301,999990,4,3.0,ROSECREST,1826,6000,1935,2,548,,Active,August-15-2021 01:00 PM,August-15-2021 05:00 PM,http://www.redfin.com/VA/Alexandria/3-Rosecrest-Ave-22301/home/11846613,BRIGHT MLS,VAAX2002548,N,Y,38.8252144,-77.06272
MLS Listing,,Single Family Residential,606 N Owen St,Alexandria,VA,22304,735000,4,2.0,SEMINARY VALLEY,2350,8004,1956,2,313,,Active,,,http://www.redfin.com/VA/Alexandria/606-N-Owen-St-22304/home/11853897,BRIGHT MLS,VAAX2002200,N,Y,38.8197517,-77.1151447
MLS Listing,,Condo/Co-op,6282-B Rose Hill Ct #38,Alexandria,VA,22310,197600,2,1.0,HERITAGE KNOLL CONDO,879,,1965,2,225,241,Active,,,http://www.redfin.com/VA/Alexandria/6282-Rose-Hill-Ct-22310/unit-38/home/176104173,BRIGHT MLS,VAFX2015284,N,Y,38.7839466,-77.1235503
MLS Listing,,Townhouse,7712 Wiley Creek Way,Alexandria,VA,22315,639900,3,3.5,ISLAND CREEK SEC 1,2158,2686,1994,2,297,97,Active,August-15-2021 01:00 PM,August-15-2021 04:00 PM,http://www.redfin.com/VA/Alexandria/7712-Wiley-Creek-Way-22315/home/9779997,BRIGHT MLS,VAFX2014260,N,Y,38.753212,-77.1696746
MLS Listing,,Condo/Co-op,4347 Pembrook Village Dr #42,Alexandria,VA,22309,237000,2,2.0,PEMBROOK VILLAGE,1080,,1984,2,219,371,Active,,,http://www.redfin.com/VA/Alexandria/4347-Pembrook-Village-Dr-22309/unit-42/home/9814918,BRIGHT MLS,VAFX2014226,N,Y,38.730801,-77.107785
MLS Listing,,Townhouse,2555 Windbreak Dr,Alexandria,VA,22306,445000,3,2.5,MOUNT VERNON SQUARE TOWN,1360,1520,1975,2,327,65,Active,August-15-2021 01:00 PM,August-15-2021 03:00 PM,http://www.redfin.com/VA/Alexandria/2555-Windbreak-Dr-22306/home/9795806,BRIGHT MLS,VAFX2013644,N,Y,38.755048,-77.075564
MLS Listing,,Single Family Residential,6505 Carriage Dr,Alexandria,VA,22310,549900,4,2.0,ROSE HILL PARK,1107,11010,1962,2,497,,Active,August-15-2021 01:00 PM,August-15-2021 03:00 PM,http://www.redfin.com/VA/Alexandria/6505-Carriage-Dr-22310/home/9788546,BRIGHT MLS,VAFX2014238,N,Y,38.7742611,-77.1164033
MLS Listing,,Condo/Co-op,3236 Gunston Rd #722,Alexandria,VA,22302,310000,1,1.0,PARKFAIRFAX,824,,1941,2,376,443,Active,August-15-2021 02:00 PM,August-15-2021 04:00 PM,http://www.redfin.com/VA/Alexandria/3236-Gunston-Rd-22302/unit-722/home/22671114,BRIGHT MLS,VAAX2002262,N,Y,38.834513,-77.0785612
MLS Listing,,Townhouse,6570 Osprey Point Ln,Alexandria,VA,22315,519900,3,2.5,ISLAND CREEK SEC 1,1377,1539,1994,2,378,100,Active,August-15-2021 02:30 PM,August-15-2021 04:00 PM,http://www.redfin.com/VA/Alexandria/6570-Osprey-Point-Ln-22315/home/9780167,BRIGHT MLS,VAFX2015198,N,Y,38.752592,-77.169119
MLS Listing,,Single Family Residential,8714 Camden St,Alexandria,VA,22308,719900,4,2.0,STRATFORD LANDING,2417,12314,1960,2,298,,Active,August-15-2021 01:00 PM,August-15-2021 03:00 PM,http://www.redfin.com/VA/Alexandria/8714-Camden-St-22308/home/9828007,BRIGHT MLS,VAFX2015190,N,Y,38.7203757,-77.0723883
MLS Listing,,Single Family Residential,7855 Eagle Ave,Alexandria,VA,22306,65000,2,1.0,AUDUBON ESTATES,720,720,2010,2,90,,Active,,,http://www.redfin.com/VA/Alexandria/7855-Eagle-Ave-22306/home/52203533,BRIGHT MLS,VAFX2015182,N,Y,38.7442757,-77.0906392
MLS Listing,,Condo/Co-op,3101 N Hampton Dr #714,Alexandria,VA,22302,379000,2,2.0,NORTHAMPTON PLACE,1030,,2004,2,368,746,Active,August-15-2021 01:00 PM,August-15-2021 03:00 PM,http://www.redfin.com/VA/Alexandria/3101-N-Hampton-Dr-22302/unit-714/home/11877305,BRIGHT MLS,VAAX2002614,N,Y,38.8381428,-77.1055022
MLS Listing,,Townhouse,2543 S Kenmore Ct,Arlington,VA,22206,899000,4,3.5,SHIRLINGTON CREST,2496,1436,2010,2,360,130,Active,August-15-2021 01:00 PM,August-15-2021 03:00 PM,http://www.redfin.com/VA/Arlington/2543-S-Kenmore-Ct-22206/home/28681808,BRIGHT MLS,VAAR2003346,N,Y,38.8458088,-77.0847987
MLS Listing,,Single Family Residential,7819 Yorktown Dr,Alexandria,VA,22308,699000,3,2.0,HOLLIN HALL VILLAGE,1404,13195,1952,2,498,,Active,,,http://www.redfin.com/VA/Alexandria/7819-Yorktown-Dr-22308/home/9817828,BRIGHT MLS,VAFX2015172,N,Y,38.7450786,-77.0590773
MLS Listing,,Condo/Co-op,116 Roberts Ln #301,Alexandria,VA,22314,360000,2,2.0,FORT ELLSWORTH,1118,,1974,2,322,562,Active,August-15-2021 01:00 PM,August-15-2021 03:00 PM,http://www.redfin.com/VA/Alexandria/116-Roberts-Ln-22314/unit-301/home/11850719,BRIGHT MLS,VAAX2002618,N,Y,38.8078755,-77.0720511
MLS Listing,,Townhouse,6136 Joust Ln,Alexandria,VA,22315,539000,3,3.5,KINGSTOWNE SEC 24,1232,1500,1987,2,438,105,Active,,,http://www.redfin.com/VA/Alexandria/6136-Joust-Ln-22315/home/9787695,BRIGHT MLS,VAFX2014028,N,Y,38.761412,-77.1446403
MLS Listing,,Single Family Residential,3825 Gibbs St,Alexandria,VA,22309,450000,3,2.0,WOODLEY HILLS,2028,24429,1950,2,222,,Active,,,http://www.redfin.com/VA/Alexandria/3825-Gibbs-St-22309/home/9815420,BRIGHT MLS,VAFX2013792,N,Y,38.7227356,-77.0985115
MLS Listing,,Townhouse,1177 N Van Dorn St,Alexandria,VA,22304,465000,3,2.5,PARKSIDE AT ALEXANDRIA,1350,,1963,2,344,417,Active,,,http://www.redfin.com/VA/Alexandria/1177-N-Van-Dorn-St-22304/home/11878982,BRIGHT MLS,VAAX2000448,N,Y,38.8265139,-77.1189706
MLS Listing,,Condo/Co-op,6137 Edsall Rd Unit K,Alexandria,VA,22304,204000,1,1.0,EDSALL BLUFF,753,,1973,2,271,376,Active,August-15-2021 02:00 PM,August-15-2021 04:00 PM,http://www.redfin.com/VA/Alexandria/6137-Edsall-Rd-22304/unit-K/home/11855381,BRIGHT MLS,VAAX2002596,N,Y,38.8084277,-77.1396252
MLS Listing,,Condo/Co-op,5340 Holmes Run Pkwy #416,Alexandria,VA,22304,159000,1,1.0,PAVILION ON THE PARK,501,,1967,2,317,295,Active,,,http://www.redfin.com/VA/Alexandria/5340-Holmes-Run-Pkwy-22304/unit-416/home/11865527,BRIGHT MLS,VAAX2002516,N,Y,38.8157896,-77.1241121
MLS Listing,,Condo/Co-op,400 Madison St #305,Alexandria,VA,22314,499000,1,1.0,ALEXANDRIA HOUSE,776,,1975,2,643,700,Active,August-15-2021 02:00 PM,August-15-2021 04:00 PM,http://www.redfin.com/VA/Alexandria/400-Madison-St-22314/unit-305/home/11841756,BRIGHT MLS,VAAX2002424,N,Y,38.8124313,-77.0424589
MLS Listing,,Condo/Co-op,8005 Capistrano Pl Unit E,Alexandria,VA,22309,232000,3,2.0,SEQUOYAH CONDO,1232,,1973,2,188,530,Active,August-15-2021 01:00 PM,August-15-2021 03:00 PM,http://www.redfin.com/VA/Alexandria/8005-Capistrano-Pl-22309/unit-E/home/92904831,BRIGHT MLS,VAFX2014916,N,Y,38.7384793,-77.0989356
MLS Listing,,Single Family Residential,5844 Colfax Ave,Alexandria,VA,22311,825000,4,3.5,THE PALISADES,2394,9419,1983,2,345,12,Active,August-15-2021 01:00 PM,August-15-2021 04:00 PM,http://www.redfin.com/VA/Alexandria/5844-Colfax-Ave-22311/home/9654934,BRIGHT MLS,VAFX2014420,N,Y,38.8380818,-77.1330115
MLS Listing,,Condo/Co-op,5378-C Bedford Ter Unit 78C,Alexandria,VA,22309,220000,2,2.0,CLUSTERS AT,825,,1984,2,267,413,Active,,,http://www.redfin.com/VA/Alexandria/5378-Bedford-Ter-22309/unit-C/home/9810889,BRIGHT MLS,VAFX2014554,N,Y,38.7227761,-77.126809
MLS Listing,,Condo/Co-op,3705 S George Mason Dr Unit 1812S,Falls Church,VA,22041,250000,1,1.0,SKYLINE PLAZA S CONDO,959,,1975,2,261,530,Active,,,http://www.redfin.com/VA/Falls-Church/3705-S-George-Mason-Dr-22041/unit-1812S/home/9658561,BRIGHT MLS,VAFX2013864,N,Y,38.84292,-77.1137662
MLS Listing,,Condo/Co-op,102 Roberts Ln #100,Alexandria,VA,22314,359900,2,1.0,FORT ELLSWORTH,1110,,1974,2,324,558,Active,,,http://www.redfin.com/VA/Alexandria/102-Roberts-Ln-22314/unit-100/home/11850658,BRIGHT MLS,VAAX2002602,N,Y,38.8073859,-77.0704706
MLS Listing,,Condo/Co-op,6101 Fairview Farm Dr #104,Alexandria,VA,22315,519900,2,2.0,CREST OF ALEXANDRIA,1676,,2019,2,310,437,Active,,,http://www.redfin.com/VA/Alexandria/6101-Fairview-Farm-Dr-22315/unit-104/home/172400687,BRIGHT MLS,VAFX2014974,N,Y,38.7465325,-77.1528673
MLS Listing,,Condo/Co-op,5500 Holmes Run Pkwy #204,Alexandria,VA,22304,299999,2,2.0,PLACE ONE,1240,,1974,2,242,701,Active,August-15-2021 02:00 PM,August-15-2021 04:00 PM,http://www.redfin.com/VA/Alexandria/5500-Holmes-Run-Pkwy-22304/unit-204/home/11855888,BRIGHT MLS,VAAX2002514,N,Y,38.8177987,-77.1277079
MLS Listing,,Condo/Co-op,8421 Fuerte Ct #122,Alexandria,VA,22309,240000,2,1.0,PINEWOOD LAWNS CONDO,900,,1972,3,267,275,Active,,,http://www.redfin.com/VA/Alexandria/8421-Fuerte-Ct-22309/unit-122/home/9810063,BRIGHT MLS,VAFX2008810,N,Y,38.7263667,-77.1292945
MLS Listing,,Townhouse,713 Diamond Ave,Alexandria,VA,22301,949000,3,3.5,POTOMAC YARD,2136,1493,2015,3,444,118,Active,August-15-2021 01:00 PM,August-15-2021 03:00 PM,http://www.redfin.com/VA/Alexandria/713-Diamond-Ave-22301/home/39967103,BRIGHT MLS,VAAX2002432,N,Y,38.8252662,-77.0485967
MLS Listing,,Condo/Co-op,5340 Holmes Run Pkwy #1005,Alexandria,VA,22304,319900,3,2.0,PAVILION ON THE PARK,1310,,1967,3,244,772,Active,August-15-2021 01:00 PM,August-15-2021 04:00 PM,http://www.redfin.com/VA/Alexandria/5340-Holmes-Run-Pkwy-22304/unit-1005/home/11865634,BRIGHT MLS,VAAX260736,N,Y,38.8157896,-77.1241121
MLS Listing,,Condo/Co-op,4600 Duke St #719,Alexandria,VA,22304,315000,3,2.0,FORTY SIX HUNDRED,1364,,1967,3,231,856,Active,,,http://www.redfin.com/VA/Alexandria/4600-Duke-St-22304/unit-719/home/11858285,BRIGHT MLS,VAAX2002220,N,Y,38.8109268,-77.1115249
MLS Listing,,Condo/Co-op,6437 Richmond Hwy #301,Alexandria,VA,22306,180000,1,1.0,HUNTINGTON WALK,721,,1966,3,250,291,Active,August-15-2021 01:00 PM,August-15-2021 04:00 PM,http://www.redfin.com/VA/Alexandria/6437-Richmond-Hwy-22306/unit-301/home/9793224,BRIGHT MLS,VAFX2014808,N,Y,38.776357,-77.078906
MLS Listing,,Condo/Co-op,1511 Belle View Blvd Unit B1,Alexandria,VA,22307,299999,2,1.0,BELLE VIEW,793,,1950,3,378,378,Active,August-15-2021 02:00 PM,August-15-2021 04:00 PM,http://www.redfin.com/VA/Alexandria/1511-Belle-View-Blvd-22307/unit-B1/home/9793640,BRIGHT MLS,VAFX2013822,N,Y,38.774764,-77.059061
MLS Listing,,Single Family Residential,6057 Piney Run Dr,Alexandria,VA,22315,755000,4,3.5,PINEY RUN,2450,19500,1950,3,308,,Active,August-15-2021 02:00 PM,August-15-2021 04:00 PM,http://www.redfin.com/VA/Alexandria/6057-Piney-Run-Dr-22315/home/9809370,BRIGHT MLS,VAFX2012610,N,Y,38.7477448,-77.1480894
MLS Listing,,Townhouse,648 N Armistead St,Alexandria,VA,22312,585000,3,3.5,BEAUREGARD HEIGHTS,2508,,1976,3,233,335,Active,August-15-2021 02:00 PM,August-15-2021 04:00 PM,http://www.redfin.com/VA/Alexandria/648-N-Armistead-St-22312/home/11856551,BRIGHT MLS,VAAX2001810,N,Y,38.8240857,-77.1352546
MLS Listing,,Single Family Residential,6615 The Pkwy,Alexandria,VA,22310,599000,4,3.0,COUNTRY CLUB ESTATES,1285,11233,1959,3,466,,Active,August-15-2021 01:00 PM,August-15-2021 04:00 PM,http://www.redfin.com/VA/Alexandria/6615-The-Pkwy-22310/home/9789403,BRIGHT MLS,VAFX2013572,N,Y,38.7735235,-77.099006
MLS Listing,,Townhouse,5303 Birds View Ln Unit B,Alexandria,VA,22312,484900,2,2.5,OVERLOOK,1522,,1998,3,319,483,Active,August-15-2021 12:00 PM,August-15-2021 02:00 PM,http://www.redfin.com/VA/Alexandria/5303-Birds-View-Ln-22312/unit-B/home/143223573,BRIGHT MLS,VAFX2013568,N,Y,38.806533,-77.151319
MLS Listing,,Townhouse,31 W Reed Ave,Alexandria,VA,22305,475000,3,2.0,HUME SPRINGS,1115,1744,1951,3,426,,Active,,,http://www.redfin.com/VA/Alexandria/31-W-Reed-Ave-22305/home/11847843,BRIGHT MLS,VAAX2002208,N,Y,38.8368633,-77.0584027
MLS Listing,,Single Family Residential,5200 York Rd,Alexandria,VA,22310,650000,4,3.0,ARDEN ACRES,2850,20854,1955,3,228,,Active,August-15-2021 02:00 PM,August-15-2021 04:00 PM,http://www.redfin.com/VA/Alexandria/5200-York-Rd-22310/home/9757347,BRIGHT MLS,VAFX2013130,N,Y,38.7868468,-77.1239548
MLS Listing,,Townhouse,129 W Reed Ave,Alexandria,VA,22305,599000,3,1.5,HUME SPRINGS,1024,1811,1950,3,585,,Active,,,http://www.redfin.com/VA/Alexandria/129-W-Reed-Ave-22305/home/11847826,BRIGHT MLS,VAAX2001858,N,Y,38.837214,-77.059878
MLS Listing,,Condo/Co-op,205 Yoakum Pkwy #902,Alexandria,VA,22304,229900,1,1.0,WATERGATE AT LANDMARK,863,,1975,3,266,635,Active,,,http://www.redfin.com/VA/Alexandria/205-Yoakum-Pkwy-22304/unit-902/home/11858775,BRIGHT MLS,VAAX2002604,N,Y,38.8125228,-77.1400451
MLS Listing,,Townhouse,2205 Main Line Blvd,Alexandria,VA,22301,1049000,3,4.5,POTOMAC YARD BY PULTE HOMES,2471,1350,2013,3,425,120,Active,August-15-2021 02:00 PM,August-15-2021 04:00 PM,http://www.redfin.com/VA/Alexandria/2205-Main-Line-Blvd-22301/home/39967178,BRIGHT MLS,VAAX2002354,N,Y,38.826499,-77.0491191
MLS Listing,,Condo/Co-op,3650 S Glebe Rd #267,Arlington,VA,22202,652000,2,2.0,ECLIPSE ON CENTER PARK,1281,,2007,3,509,695,Active,,,http://www.redfin.com/VA/Arlington/3650-S-Glebe-Rd-22202/unit-267/home/16896672,BRIGHT MLS,VAAR2003338,N,Y,38.8423093,-77.0509145
MLS Listing,,Condo/Co-op,3709 S George Mason #702,Baileys Crossroads,VA,22041,355000,3,2.5,SKYLINE HOUSE,2111,,1980,3,168,892,Active,,,http://www.redfin.com/VA/Falls-Church/3709-S-George-Mason-Dr-22041/unit-702/home/9659155,BRIGHT MLS,VAFX2014956,N,Y,38.8422637,-77.1160689
MLS Listing,,Single Family Residential,5721 Larpin Ln,Alexandria,VA,22310,609000,4,2.5,FAIRFAX HOMES,1780,13939,1957,3,342,,Active,,,http://www.redfin.com/VA/Alexandria/5721-Larpin-Ln-22310/home/9755623,BRIGHT MLS,VAFX2009234,N,Y,38.7949193,-77.1199094
MLS Listing,,Condo/Co-op,5903 Mount Eagle Dr #702,Alexandria,VA,22303,274500,1,1.0,MONTEBELLO CONDO,1005,,1984,3,273,632,Active,,,http://www.redfin.com/VA/Alexandria/5903-Mt-Eagle-Dr-22303/unit-702/home/9763380,BRIGHT MLS,VAFX2014944,N,Y,38.7891972,-77.0685885
MLS Listing,,Condo/Co-op,5901 Mount Eagle Dr #407,Alexandria,VA,22303,259000,1,1.0,MONTEBELLO CONDO,850,,1982,3,305,534,Active,,,http://www.redfin.com/VA/Alexandria/5901-Mt-Eagle-Dr-22303/unit-407/home/9762828,BRIGHT MLS,VAFX2014894,N,Y,38.7900824,-77.070747
MLS Listing,,Condo/Co-op,5250 Valley Forge Dr #214,Alexandria,VA,22304,229000,2,1.0,WAPLETON,1084,,1966,3,211,646,Active,,,http://www.redfin.com/VA/Alexandria/5250-Valley-Forge-Dr-22304/unit-214/home/11854537,BRIGHT MLS,VAAX2002368,N,Y,38.8107553,-77.1236626
MLS Listing,,Condo/Co-op,3230 S 28th St #301,Alexandria,VA,22302,225000,1,1.0,BOLLING BROOK,690,,1961,3,326,380,Active,,,http://www.redfin.com/VA/Alexandria/3230-S-28th-St-22302/unit-301/home/11868877,BRIGHT MLS,VAAX2002496,N,Y,38.8386658,-77.1079944
MLS Listing,,Condo/Co-op,4850 Eisenhower Ave #323,Alexandria,VA,22304,279000,1,1.0,EXCHANGE AT VAN DORN,772,,2003,3,361,387,Active,,,http://www.redfin.com/VA/Alexandria/4850-Eisenhower-Ave-22304/unit-323/home/11878390,BRIGHT MLS,VAAX2002556,N,Y,38.801947,-77.119551
MLS Listing,,Condo/Co-op,3705 S George Mason Dr Unit 115-S,Falls Church,VA,22041,395000,3,2.0,SKYLINE PLAZA SOUTH COND,1842,,1975,3,214,945,Active,August-15-2021 02:00 PM,August-15-2021 05:00 PM,http://www.redfin.com/VA/Falls-Church/3705-S-George-Mason-Dr-22041/unit-115-S/home/145790914,BRIGHT MLS,VAFX2014878,N,Y,38.8431758,-77.1137891
MLS Listing,,Single Family Residential,8117 Norwood Dr,Alexandria,VA,22309,549900,3,2.0,FAIRFIELD,2032,11340,1957,3,271,,Active,,,http://www.redfin.com/VA/Alexandria/8117-Norwood-Dr-22309/home/9812335,BRIGHT MLS,VAFX2012972,N,Y,38.7389228,-77.1025576
MLS Listing,,Single Family Residential,8845 Fort Hunt Rd,Alexandria,VA,22308,810000,4,2.5,ADDITION TO PLYMOUTH HAV,2438,16335,1965,3,332,,Active,August-15-2021 02:00 PM,August-15-2021 04:00 PM,http://www.redfin.com/VA/Alexandria/8845-Fort-Hunt-Rd-22308/home/9828472,BRIGHT MLS,VAFX2013714,N,Y,38.718984,-77.057818
MLS Listing,,Townhouse,5970 Edgehill Ct,Alexandria,VA,22303,629900,3,3.5,HUNTINGTON COMMONS,1456,1387,1996,3,433,96,Active,,,http://www.redfin.com/VA/Alexandria/5970-Edgehill-Ct-22303/home/9763888,BRIGHT MLS,VAFX2011844,N,Y,38.7877099,-77.081922
MLS Listing,,Townhouse,1109 Abingdon Dr,Alexandria,VA,22314,1614900,3,4.0,Alexandria,2435,,2020,3,663,225,Active,August-15-2021 11:00 AM,August-15-2021 04:00 PM,http://www.redfin.com/VA/Alexandria/1109-E-Abingdon-Dr-22314/home/175151477,BRIGHT MLS,VAAX2002566,N,Y,38.8167774,-77.0435673
MLS Listing,,Townhouse,603 Second St,Alexandria,VA,22314,1559145,3,4.0,Alexandria,2435,,2020,3,640,225,Active,August-15-2021 11:00 AM,August-15-2021 04:00 PM,http://www.redfin.com/VA/Alexandria/603-2nd-St-22314/home/176076357,BRIGHT MLS,VAAX2002564,N,Y,38.8162872,-77.0434472
MLS Listing,,Townhouse,6369 Levtov Lndg,Alexandria,VA,22312,619500,3,3.5,OVERLOOK SEC B2  SEC B4,1971,1540,2001,3,314,128,Active,,,http://www.redfin.com/VA/Alexandria/6369-Levtov-Lndg-22312/home/9835454,BRIGHT MLS,VAFX2014754,N,Y,38.8068347,-77.1544338
MLS Listing,,Single Family Residential,4105 Faith Ct,Alexandria,VA,22311,921000,3,3.5,MIRACLE WOODS,4331,8836,1988,3,213,,Active,,,http://www.redfin.com/VA/Alexandria/4105-Faith-Ct-22311/home/9656191,BRIGHT MLS,VAFX2006774,N,Y,38.8357183,-77.1350564
MLS Listing,,Single Family Residential,8826 Camden St,Alexandria,VA,22308,1099000,5,5.5,STRATFORD LANDING,4528,21533,2010,3,243,,Active,,,http://www.redfin.com/VA/Alexandria/8826-Camden-St-22308/home/12544460,BRIGHT MLS,VAFX2014676,N,Y,38.716446,-77.0689258
MLS Listing,,Single Family Residential,7747 Frances Dr,Alexandria,VA,22306,719900,3,2.0,HYBLA VALLEY FRMS,1756,35036,1950,4,410,,Active,,,http://www.redfin.com/VA/Alexandria/7747-Frances-Dr-22306/home/9816461,BRIGHT MLS,VAFX2014728,N,Y,38.7468455,-77.0757384
MLS Listing,,Condo/Co-op,525 N Armistead St Unit T2,Alexandria,VA,22312,225000,3,2.0,SAXONY SQUARE,1254,,1967,4,179,700,Active,,,http://www.redfin.com/VA/Alexandria/525-N-Armistead-St-22312/unit-T2/home/11865905,BRIGHT MLS,VAAX261010,N,Y,38.82173,-77.131679
MLS Listing,,Condo/Co-op,2397 Stella Pl,Alexandria,VA,22303,639990,3,2.5,HUNTINGTON CROSSING,1843,,2021,4,347,210,Active,,,http://www.redfin.com/VA/Alexandria/2397-Stella-PL-22303/home/175075274,BRIGHT MLS,VAFX2014716,N,Y,38.7972,-77.0738
MLS Listing,,Single Family Residential,3804 Taft Ave,Alexandria,VA,22304,599900,3,1.0,DELTA,1584,10003,1945,4,379,,Active,,,http://www.redfin.com/VA/Alexandria/3804-Taft-Ave-22304/home/11852936,BRIGHT MLS,VAAX2002070,N,Y,38.8120039,-77.0961737
MLS Listing,,Condo/Co-op,12 S Van Dorn St #202,Alexandria,VA,22304,189900,1,1.0,TWENTY-ONE,750,,1963,4,253,701,Active,,,http://www.redfin.com/VA/Alexandria/12-S-Van-Dorn-St-22304/unit-202/home/11879795,BRIGHT MLS,VAAX2002494,N,Y,38.8124431,-77.1265393
MLS Listing,,Townhouse,533 Cameron Station Blvd,Alexandria,VA,22304,515000,2,2.5,WOODLAND HALL AT CAMERN,1214,,1999,4,424,339,Active,August-15-2021 02:00 PM,August-15-2021 04:00 PM,http://www.redfin.com/VA/Alexandria/533-Cameron-Station-Blvd-22304/home/11876233,BRIGHT MLS,VAAX2002224,N,Y,38.8059122,-77.1281989
MLS Listing,,Condo/Co-op,250 S Reynolds St #703,Alexandria,VA,22304,310000,2,2.0,TEMPLETON OF ALEXANDRIA,1436,,1974,5,216,770,Active,August-13-2022 01:00 PM,August-13-2022 04:00 PM,http://www.redfin.com/VA/Alexandria/250-S-Reynolds-St-22304/unit-703/home/11854686,BRIGHT MLS,VAAX2002444,N,Y,38.8103592,-77.1274939
MLS Listing,,Townhouse,619 And 621 N Columbus St,Alexandria,VA,22314,1695000,3,2.5,OLD TOWN,1950,1790,1880,5,869,,Active,,,http://www.redfin.com/VA/Alexandria/621-N-Columbus-St-22314/home/166880003,BRIGHT MLS,VAAX2002182,N,Y,38.811501,-77.046476
MLS Listing,,Townhouse,5713 Heritage Hill Ct,Alexandria,VA,22310,534900,3,3.0,HERITAGE HILL OF ALEXAND,1754,1349,1981,5,305,88,Active,August-15-2021 02:00 PM,August-15-2021 04:00 PM,http://www.redfin.com/VA/Alexandria/5713-Heritage-Hill-Ct-22310/home/9756870,BRIGHT MLS,VAFX2013516,N,Y,38.79557,-77.084093
MLS Listing,,Single Family Residential,107 W Bellefonte Ave,Alexandria,VA,22301,1399000,3,3.5,ROSECREST,3584,5750,1934,5,390,,Active,August-15-2021 01:00 PM,August-15-2021 03:00 PM,http://www.redfin.com/VA/Alexandria/107-W-Bellefonte-Ave-22301/home/11846792,BRIGHT MLS,VAAX2001676,N,Y,38.8228625,-77.0652158
MLS Listing,,Condo/Co-op,6955 Mary Caroline Cir Unit G,Alexandria,VA,22310,220000,1,1.0,VICTORIA CROSSNGS AT MAN,694,,1988,5,317,336,Active,,,http://www.redfin.com/VA/Alexandria/6955-Mary-Caroline-Cir-22310/unit-G/home/9781860,BRIGHT MLS,VAFX2013836,N,Y,38.767285,-77.145696
MLS Listing,,Condo/Co-op,2181 Jamieson Ave #2010,Alexandria,VA,22314,579000,2,2.0,CARLYLE TOWERS,1165,,2001,5,497,685,Active,August-15-2021 02:00 PM,August-15-2021 04:00 PM,http://www.redfin.com/VA/Alexandria/2181-Jamieson-Ave-22314/unit-2010/home/28607446,BRIGHT MLS,VAAX2002260,N,Y,38.8029799,-77.0671046
MLS Listing,,Single Family Residential,8124 Holland Rd,Alexandria,VA,22306,949000,5,4.5,GUM SPRINGS,3920,14935,2021,5,242,,Active,,,http://www.redfin.com/VA/Alexandria/8124-Holland-Rd-22306/home/167783490,BRIGHT MLS,VAFX2014196,N,Y,38.736813,-77.080411
MLS Listing,,Townhouse,4436 Longworthe Sq,Alexandria,VA,22309,425000,4,2.5,PINEWOOD LAKE,2112,2134,1970,6,201,134,Active,,,http://www.redfin.com/VA/Alexandria/4436-Longworthe-Sq-22309/home/9811920,BRIGHT MLS,VAFX2011950,N,Y,38.741545,-77.109688
MLS Listing,,Single Family Residential,2417 Ross St,Alexandria,VA,22306,514999,3,1.0,POPKINS HEIGHTS,1084,21783,1951,6,475,,Active,,,http://www.redfin.com/VA/Alexandria/2417-Ross-St-22306/home/9795334,BRIGHT MLS,VAFX2004228,N,Y,38.7633051,-77.0749065
MLS Listing,,Condo/Co-op,3101 N Hampton Dr #1616,Alexandria,VA,22302,290000,1,1.0,NORTHAMPTON PLACE,703,,2004,6,413,484,Active,,,http://www.redfin.com/VA/Alexandria/3101-N-Hampton-Dr-22302/unit-1616/home/11877470,BRIGHT MLS,VAAX2001936,N,Y,38.8381428,-77.1055022
MLS Listing,,Townhouse,6173 Morning Glory Rd,Alexandria,VA,22310,485000,2,2.5,VAN DORN VILLAGE,1450,1500,1986,6,334,89,Active,August-15-2021 01:00 PM,August-15-2021 04:00 PM,http://www.redfin.com/VA/Alexandria/6173-Morning-Glory-Rd-22310/home/9754406,BRIGHT MLS,VAFX2014156,N,Y,38.78385,-77.139674
MLS Listing,,Condo/Co-op,5054 Donovan Dr #101,Alexandria,VA,22304,510000,2,2.5,CONDOS AT CAMERON BLVD,1314,,2001,6,388,456,Active,August-15-2021 01:00 PM,August-15-2021 04:00 PM,http://www.redfin.com/VA/Alexandria/5054-Donovan-Dr-22304/unit-101/home/11875983,BRIGHT MLS,VAAX2002448,N,Y,38.807804,-77.119701
MLS Listing,,Condo/Co-op,3705 S George Mason Dr Unit 1905S,Falls Church,VA,22041,380000,3,2.0,SKYLINE PLAZA SOUTH,1712,,1975,6,222,947,Active,,,http://www.redfin.com/VA/Falls-Church/3705-S-George-Mason-Dr-22041/unit-1905S/home/9658580,BRIGHT MLS,VAFX2013818,N,Y,38.84292,-77.1137662
MLS Listing,,Townhouse,3809 Shannons Green Way,Alexandria,VA,22309,477000,3,2.5,MOUNT VEE MANOR SEC 2,1355,1355,2000,6,352,92,Active,,,http://www.redfin.com/VA/Alexandria/3809-Shannons-Green-Way-22309/home/9831673,BRIGHT MLS,VAFX2013992,N,Y,38.734179,-77.095935
MLS Listing,,Single Family Residential,3514 Memorial St,Alexandria,VA,22310,700000,4,3.0,GROVETON HEIGHTS,2477,10125,1947,6,283,,Active,,,http://www.redfin.com/VA/Alexandria/3514-Memorial-St-22310/home/9789455,BRIGHT MLS,VAFX2013840,N,Y,38.7756746,-77.0919925
MLS Listing,,Townhouse,7419 Duddington Dr,Alexandria,VA,22315,499000,4,3.5,HAYFIELD VIEW,1920,1600,1985,7,260,125,Active,,,http://www.redfin.com/VA/Alexandria/7419-Duddington-Dr-22315/home/9787444,BRIGHT MLS,VAFX2013564,N,Y,38.757598,-77.138749
MLS Listing,,Condo/Co-op,1100 Quaker Hill Dr #305,Alexandria,VA,22314,310000,2,2.0,QUAKER HILL,963,,1991,7,322,556,Active,,,http://www.redfin.com/VA/Alexandria/1100-Quaker-Hill-Dr-22314/unit-305/home/11870827,BRIGHT MLS,VAAX2002406,N,Y,38.809899,-77.0843715
MLS Listing,,Condo/Co-op,400 Cameron Station Blvd #436,Alexandria,VA,22304,499700,2,2.0,CAMERON STATION,1443,,2007,7,346,709,Active,,,http://www.redfin.com/VA/Alexandria/400-Cameron-Station-Blvd-22304/unit-436/home/17061542,BRIGHT MLS,VAAX2001760,N,Y,38.8058658,-77.125113
MLS Listing,,Single Family Residential,2403 Fairview Dr,Alexandria,VA,22306,750000,7,3.0,CATALINA,3345,10680,1956,7,224,,Active,August-15-2021 12:00 PM,August-15-2021 02:30 PM,http://www.redfin.com/VA/Alexandria/2403-Fairview-Dr-22306/home/9791674,BRIGHT MLS,VAFX2013998,N,Y,38.7775462,-77.0738723
MLS Listing,,Condo/Co-op,2451 Midtown Ave #928,Alexandria,VA,22303,469000,2,2.0,MIDTOWN ALEXANDRIA STATI,1355,,2007,7,346,549,Active,,,http://www.redfin.com/VA/Alexandria/2451-Midtown-Ave-22303/unit-928/home/21706089,BRIGHT MLS,VAFX2013652,N,Y,38.7966107,-77.0742479
MLS Listing,,Townhouse,611 Cameron St,Alexandria,VA,22314,2150000,5,4.5,OLD TOWN,4231,6000,1780,7,508,,Active,,,http://www.redfin.com/VA/Alexandria/611-Cameron-St-22314/home/11841531,BRIGHT MLS,VAAX2002384,N,Y,38.8062723,-77.0461246
MLS Listing,,Single Family Residential,322 S Washington St,Alexandria,VA,22314,1250000,4,4.0,HISTORIC OLD TOWN,2800,5060,1880,7,446,,Active,,,http://www.redfin.com/VA/Alexandria/322-S-Washington-St-22314/home/55296118,BRIGHT MLS,VAAX2002304,N,Y,38.8019072,-77.0473389
MLS Listing,,Single Family Residential,7712 Fordson Rd,Alexandria,VA,22306,320000,2,1.0,GUM SPRINGS,892,7144,1952,7,359,,Active,August-15-2021 04:00 PM,August-15-2021 05:00 PM,http://www.redfin.com/VA/Alexandria/7712-Fordson-Rd-22306/home/9816341,BRIGHT MLS,VAFX2013976,N,Y,38.7478498,-77.0823707
MLS Listing,,Condo/Co-op,250 S Reynolds St #504,Alexandria,VA,22304,269990,2,1.5,TEMPLETON OF ALEXANDRIA,1262,,1974,8,214,680,Active,August-15-2021 02:00 PM,August-15-2021 04:00 PM,http://www.redfin.com/VA/Alexandria/250-S-Reynolds-St-22304/unit-504/home/11854665,BRIGHT MLS,VAAX2002104,N,Y,38.8103592,-77.1274939
MLS Listing,,Single Family Residential,6503 Bluebill Ln,Alexandria,VA,22307,895000,4,3.5,BELLEHAVEN TERRACE,2980,11112,1956,8,300,,Active,,,http://www.redfin.com/VA/Alexandria/6503-Bluebill-Ln-22307/home/9792991,BRIGHT MLS,VAFX2013330,N,Y,38.7764446,-77.063507
MLS Listing,,Condo/Co-op,6641 Wakefield Dr #805,Alexandria,VA,22307,184900,1,1.0,RIVER TOWERS,670,,1963,8,276,517,Active,,,http://www.redfin.com/VA/Alexandria/6641-Wakefield-Dr-22307/unit-805/home/9794088,BRIGHT MLS,VAFX2012932,N,Y,38.77217,-77.058763
MLS Listing,,Condo/Co-op,5375-C Bedford Ter Unit 75C,Alexandria,VA,22309,224998,2,2.0,CLUSTERS AT WOODLAWN CON,825,,1984,8,273,413,Active,,,http://www.redfin.com/VA/Alexandria/5375-Bedford-Ter-22309/unit-75C/home/143479290,BRIGHT MLS,VAFX2013256,N,Y,38.722933,-77.126192
MLS Listing,,Single Family Residential,56 Cockrell St,Alexandria,VA,22304,835000,4,2.5,ALNOR HEIGHTS,1999,10055,1967,8,418,,Active,August-15-2021 01:30 PM,August-15-2021 03:30 PM,http://www.redfin.com/VA/Alexandria/56-Cockrell-St-22304/home/11852130,BRIGHT MLS,VAAX2002090,N,Y,38.8082105,-77.0953195
MLS Listing,,Townhouse,149 Martin Ln,Alexandria,VA,22304,700000,3,2.5,CAMERON STATION,2296,1260,1999,8,305,134,Active,,,http://www.redfin.com/VA/Alexandria/149-Martin-Ln-22304/home/11874090,BRIGHT MLS,VAAX2002418,N,Y,38.8105457,-77.1204525
MLS Listing,,Condo/Co-op,6153 Edsall Rd Unit D,Alexandria,VA,22304,195000,1,1.0,EDSALL BLUFF,753,,1973,8,259,377,Active,,,http://www.redfin.com/VA/Alexandria/6153-Edsall-Rd-22304/unit-D/home/11855434,BRIGHT MLS,VAAX2002416,N,Y,38.8083422,-77.1403399
MLS Listing,,Townhouse,6353 Staghorn Ct,Alexandria,VA,22315,494900,4,3.5,WINDSOR PARK,1512,1760,1973,8,327,94,Active,,,http://www.redfin.com/VA/Alexandria/6353-Staghorn-Ct-22315/home/9785319,BRIGHT MLS,VAFX2013934,N,Y,38.7602134,-77.1628734
MLS Listing,,Single Family Residential,2800 Old Dominion Blvd,Alexandria,VA,22305,829000,3,2.5,MONTICELLO PARK,2331,6624,1954,8,356,,Active,,,http://www.redfin.com/VA/Alexandria/2800-Old-Dominion-Blvd-22305/home/11848855,BRIGHT MLS,VAAX2002298,N,Y,38.8312252,-77.0711742
MLS Listing,,Townhouse,6152 Braeleigh Ln,Alexandria,VA,22315,599900,2,3.0,KINGSTOWNE SEC 5 SEC 6 S,1909,2185,1991,8,314,99,Active,August-15-2021 01:00 PM,August-15-2021 03:00 PM,http://www.redfin.com/VA/Alexandria/6152-Braeleigh-Ln-22315/home/9785868,BRIGHT MLS,VAFX2013892,N,Y,38.756095,-77.152319
MLS Listing,,Condo/Co-op,134 Roberts Ln #302,Alexandria,VA,22314,275000,1,1.0,FORT ELLSWORTH,843,,1974,8,326,423,Active,August-15-2021 02:00 PM,August-15-2021 04:00 PM,http://www.redfin.com/VA/Alexandria/134-Roberts-Ln-22314/unit-302/home/11850800,BRIGHT MLS,VAAX2002400,N,Y,38.8079916,-77.0712932
MLS Listing,,Single Family Residential,8703 Highgate Rd,Alexandria,VA,22308,859900,5,4.0,STRATFORD LANDING,2624,11745,1963,8,328,,Active,,,http://www.redfin.com/VA/Alexandria/8703-Highgate-Rd-22308/home/9828017,BRIGHT MLS,VAFX2004964,N,Y,38.7216863,-77.0731303
MLS Listing,,Single Family Residential,8115 Kidd St,Alexandria,VA,22309,499900,5,2.0,MT VERNON VALLEY,2150,11445,1963,8,233,,Active,,,http://www.redfin.com/VA/Alexandria/8115-Kidd-St-22309/home/9811305,BRIGHT MLS,VAFX2013794,N,Y,38.7369798,-77.1118182
MLS Listing,,Condo/Co-op,3300 S 28th St #302,Alexandria,VA,22302,264900,2,1.0,BOLLING BROOK,875,,1961,8,303,487,Active,,,http://www.redfin.com/VA/Alexandria/3300-S-28th-St-22302/unit-302/home/11868939,BRIGHT MLS,VAAX2002232,N,Y,38.8394788,-77.106671
MLS Listing,,Townhouse,8215 Cedar Landing Ct,Alexandria,VA,22306,524900,4,3.5,HUNTINGTON AT MOUNT VERN,2343,3200,1980,8,224,115,Active,,,http://www.redfin.com/VA/Alexandria/8215-Cedar-Landing-Ct-22306/home/9819813,BRIGHT MLS,VAFX2012922,N,Y,38.7354773,-77.0782339
MLS Listing,,Condo/Co-op,3101 N Hampton Dr #515,Alexandria,VA,22302,249900,1,1.0,NORTHAMPTON PLACE,648,,2004,8,386,484,Active,,,http://www.redfin.com/VA/Alexandria/3101-N-Hampton-Dr-22302/unit-515/home/11877269,BRIGHT MLS,VAAX2002386,N,Y,38.8381428,-77.1055022
MLS Listing,,Condo/Co-op,4600 Duke St #1114,Alexandria,VA,22304,167999,0,1.0,FORTY SIX HUNDRED,618,,1967,8,272,380,Active,,,http://www.redfin.com/VA/Alexandria/4600-Duke-St-22304/unit-1114/home/11858413,BRIGHT MLS,VAAX2002152,N,Y,38.8109268,-77.1115249
MLS Listing,,Townhouse,3467 S Stafford St Unit A,Arlington,VA,22206,559900,2,2.0,FAIRLINGTON MEADOWS,1500,,1940,8,373,370,Active,August-15-2021 02:00 PM,August-15-2021 04:00 PM,http://www.redfin.com/VA/Arlington/3467-S-Stafford-St-22206/unit-A/home/11270661,BRIGHT MLS,VAAR2003208,N,Y,38.8313327,-77.0856295
MLS Listing,,Condo/Co-op,400 Madison St #1003,Alexandria,VA,22314,875000,1,2.0,ALEXANDRIA HOUSE,1300,,1975,8,673,1191,Active,,,http://www.redfin.com/VA/Alexandria/400-Madison-St-22314/unit-1003/home/11841824,BRIGHT MLS,VAAX2001384,N,Y,38.8124313,-77.0424589
MLS Listing,,Condo/Co-op,501 Slaters Ln #201,Alexandria,VA,22314,499000,1,1.0,MARINA TOWERS,872,,1970,8,572,647,Active,,,http://www.redfin.com/VA/Alexandria/501-Slaters-Ln-22314/unit-201/home/11864731,BRIGHT MLS,VAAX2002334,N,Y,38.8211761,-77.0411361
MLS Listing,,Condo/Co-op,4850 Eisenhower Ave #418,Alexandria,VA,22304,264950,1,1.0,EXCHANGE AT VAN DORN,600,,2003,8,442,393,Active,,,http://www.redfin.com/VA/Alexandria/4850-Eisenhower-Ave-22304/unit-418/home/11878416,BRIGHT MLS,VAAX2002356,N,Y,38.801947,-77.119551
MLS Listing,,Condo/Co-op,6601 Thackwell Way Unit L,Alexandria,VA,22315,349950,2,2.0,CARRDINAL PLACE CONDO,1134,,1995,8,309,316,Active,,,http://www.redfin.com/VA/Alexandria/6601-Thackwell-Way-22315/unit-L/home/22009801,BRIGHT MLS,VAFX2013464,N,Y,38.748404,-77.172242
MLS Listing,,Single Family Residential,3704 Austin Ave,Alexandria,VA,22310,499900,4,2.0,VIRGINIA HILLS,925,10006,1953,9,540,,Active,,,http://www.redfin.com/VA/Alexandria/3704-Austin-Ave-22310/home/9758949,BRIGHT MLS,VAFX2011402,N,Y,38.78231,-77.0963086
MLS Listing,,Townhouse,2562 Nicky Ln,Alexandria,VA,22311,544400,2,3.5,SEMINARY HEIGHTS,2040,,1977,9,267,320,Active,,,http://www.redfin.com/VA/Alexandria/2562-Nicky-Ln-22311/home/11859981,BRIGHT MLS,VAAX2002306,N,Y,38.8347496,-77.1213741
MLS Listing,,Townhouse,6102 Declaration Sq,Alexandria,VA,22312,424500,2,2.5,JEFFERSON GREEN CONDO,1296,,1984,9,328,250,Active,,,http://www.redfin.com/VA/Alexandria/6102-Declaration-Sq-22312/home/9751404,BRIGHT MLS,VAFX2012812,N,Y,38.8003832,-77.1463121
MLS Listing,,Single Family Residential,2829 Preston Ave,Alexandria,VA,22306,549000,4,2.0,MEMORIAL HEIGHTS,1432,6250,1957,9,383,,Active,,,http://www.redfin.com/VA/Alexandria/2829-Preston-Ave-22306/home/9792057,BRIGHT MLS,VAFX2013630,N,Y,38.7656844,-77.0814264
MLS Listing,,Townhouse,5408 Cheyenne Knoll Pl,Alexandria,VA,22312,619000,3,3.5,WINDY HILL AT LINCOLNIA,2472,1140,1999,9,250,120,Active,August-15-2021 02:00 PM,August-15-2021 04:00 PM,http://www.redfin.com/VA/Alexandria/5408-Cheyenne-Knoll-Pl-22312/home/9751549,BRIGHT MLS,VAFX2013662,N,Y,38.8050338,-77.1640304
MLS Listing,,Condo/Co-op,125 N Lee Unit DH209,Alexandria,VA,22314,525000,1,1.0,TORPEDO FACTORY,819,,1985,9,641,398,Active,,,http://www.redfin.com/VA/Alexandria/125-N-Lee-St-22314/unit-DH209/home/11868641,BRIGHT MLS,VAAX2002226,N,Y,38.8051967,-77.0411825
MLS Listing,,Townhouse,1227 Quaker Hill Dr,Alexandria,VA,22314,668000,4,3.5,QUAKER HILL,1970,1857,1990,9,339,103,Active,August-15-2021 01:00 PM,August-15-2021 04:00 PM,http://www.redfin.com/VA/Alexandria/1227-Quaker-Hill-Dr-22314/home/11869970,BRIGHT MLS,VAAX2002024,N,Y,38.81077,-77.086222
MLS Listing,,Condo/Co-op,1707 Dewitt Ave Unit B,Alexandria,VA,22301,235000,1,1.0,ALEXANDRIA SQUARE,437,,1940,9,538,339,Active,,,http://www.redfin.com/VA/Alexandria/1707-Dewitt-Ave-22301/unit-B/home/11870942,BRIGHT MLS,VAAX2002120,N,Y,38.8223551,-77.0556818
MLS Listing,,Townhouse,4118 36th St S Unit A1,Arlington,VA,22206,569000,1,2.0,FAIRLINGTON GLEN,745,,1940,9,764,365,Active,,,http://www.redfin.com/VA/Arlington/4118-36th-St-S-22206/unit-A1/home/11270684,BRIGHT MLS,VAAR2003032,N,Y,38.8281689,-77.0882389
MLS Listing,,Townhouse,210 N Fairfax St,Alexandria,VA,22314,1689000,2,2.0,OLD TOWN ALEXANDRIA,2300,2378,1770,9,734,,Active,August-15-2021 02:00 PM,August-15-2021 04:00 PM,http://www.redfin.com/VA/Alexandria/210-N-Fairfax-St-22314/home/11842837,BRIGHT MLS,VAAX2002130,N,Y,38.80603,-77.0424476
MLS Listing,,Single Family Residential,2508 Clay St,Alexandria,VA,22302,1089000,3,3.0,JEFFERSON PARK,2508,6900,1946,9,434,,Active,August-15-2021 02:00 PM,August-15-2021 04:00 PM,http://www.redfin.com/VA/Alexandria/2508-Clay-St-22302/home/11848741,BRIGHT MLS,VAAX2002364,N,Y,38.8281816,-77.0709044
MLS Listing,,Single Family Residential,2804 Woodlawn Trl,Alexandria,VA,22306,620000,3,2.0,HYBLA VALLEY FMS,1092,18750,1980,9,568,,Active,,,http://www.redfin.com/VA/Alexandria/2804-Woodlawn-Trl-22306/home/9795048,BRIGHT MLS,VAFX2009206,N,Y,38.7517064,-77.0798077
MLS Listing,,Townhouse,6456 Brickleigh Ct,Alexandria,VA,22315,475000,3,3.5,AMBERLEIGH SEC 7,1212,1360,1988,9,392,100,Active,,,http://www.redfin.com/VA/Alexandria/6456-Brickleigh-Ct-22315/home/9786077,BRIGHT MLS,VAFX2010334,N,Y,38.758978,-77.166083
MLS Listing,,Single Family Residential,1707 Hollindale Dr,Alexandria,VA,22306,1498500,5,3.5,HOLLINDALE,7443,22981,1995,9,201,,Active,,,http://www.redfin.com/VA/Alexandria/1707-Hollindale-Dr-22306/home/9796234,BRIGHT MLS,VAFX2013216,N,Y,38.7519509,-77.0617081
MLS Listing,,Condo/Co-op,2960 S Columbus St Unit C2,Arlington,VA,22206,389999,2,1.0,FAIRLINGTON VILLAGE,1100,,1948,9,355,245,Active,,,http://www.redfin.com/VA/Arlington/2960-S-Columbus-St-22206/unit-C2/home/11861371,BRIGHT MLS,VAAX2002296,N,Y,38.8375821,-77.1021946
MLS Listing,,Condo/Co-op,701 Swann Ave Unit ONE 206,Alexandria,VA,22301,700900,1,2.0,POTOMAC YARD,1193,,2022,9,588,544,Active,August-15-2021 12:00 PM,August-15-2021 03:30 PM,http://www.redfin.com/VA/Alexandria/701-Swann-Ave-22301/unit-ONE-206/home/175986066,BRIGHT MLS,VAAX2002348,N,Y,38.8293894,-77.0502802
MLS Listing,,Condo/Co-op,701 Swann Ave Unit ONE 202,Alexandria,VA,22301,1085900,3,2.5,POTOMAC YARD,1778,,2022,9,611,890,Active,August-15-2021 12:00 PM,August-15-2021 03:00 PM,http://www.redfin.com/VA/Alexandria/701-Swann-Ave-22301/unit-ONE-202/home/175985612,BRIGHT MLS,VAAX2002344,N,Y,38.8293894,-77.0502802
MLS Listing,,Condo/Co-op,5500 Holmes Run Pkwy #1604,Alexandria,VA,22304,379900,2,2.0,PLACE ONE,1240,,1974,9,306,701,Active,,,http://www.redfin.com/VA/Alexandria/5500-Holmes-Run-Pkwy-22304/unit-1604/home/11856156,BRIGHT MLS,VAAX2002318,N,Y,38.8177987,-77.1277079
MLS Listing,,Townhouse,3721 Huntley Meadows Ln,Alexandria,VA,22306,564000,2,3.5,HUNTLEY MEADOWS,2499,1500,1993,9,226,102,Active,August-15-2021 02:00 PM,August-15-2021 04:00 PM,http://www.redfin.com/VA/Alexandria/3721-Huntley-Meadows-Ln-22306/home/9790469,BRIGHT MLS,VAFX2011832,N,Y,38.765758,-77.096692
MLS Listing,,Condo/Co-op,7024 Ellingham Cir #27,Alexandria,VA,22315,394900,2,2.5,ETON SQUARE CONDO,1415,,1990,9,279,550,Active,August-15-2021 01:00 PM,August-15-2021 04:00 PM,http://www.redfin.com/VA/Alexandria/7024-Ellingham-Cir-22315/unit-27/home/9784241,BRIGHT MLS,VAFX2011004,N,Y,38.766038,-77.139794
MLS Listing,,Single Family Residential,6827 Lamp Post Ln,Alexandria,VA,22306,679000,4,3.0,STONEYBROOKE,2059,9384,1971,9,330,,Active,August-15-2021 01:00 PM,August-15-2021 03:00 PM,http://www.redfin.com/VA/Alexandria/6827-Lamp-Post-Ln-22306/home/9790100,BRIGHT MLS,VAFX2011522,N,Y,38.7672896,-77.0972077
MLS Listing,,Condo/Co-op,60 S Van Dorn St S #207,Alexandria,VA,22304,184000,1,1.0,TWENTY-ONE,708,,2005,9,260,460,Active,,,http://www.redfin.com/VA/Alexandria/60-S-Van-Dorn-St-22304/unit-207/home/11879945,BRIGHT MLS,VAAX2002218,N,Y,38.8124601,-77.1284324
MLS Listing,,Condo/Co-op,4600 Duke St #1221,Alexandria,VA,22304,224900,2,1.0,FORTY SIX HUNDRED,1058,,1967,10,213,626,Active,August-15-2021 01:00 PM,August-15-2021 03:00 PM,http://www.redfin.com/VA/Alexandria/4600-Duke-St-22304/unit-1221/home/11858453,BRIGHT MLS,VAAX2001852,N,Y,38.8109268,-77.1115249
MLS Listing,,Townhouse,6489 Sutcliffe Dr,Alexandria,VA,22315,695000,4,3.5,KINGSTOWNE SEC 51,2464,2724,2000,10,282,105,Active,,,http://www.redfin.com/VA/Alexandria/6489-Sutcliffe-Dr-22315/home/9836069,BRIGHT MLS,VAFX2012310,N,Y,38.7776212,-77.1253369
MLS Listing,,Townhouse,114 Cameron Station Blvd,Alexandria,VA,22304,750000,3,3.5,CAMERON STATION,2110,1070,1999,10,355,133,Active,August-22-2021 01:00 PM,August-22-2021 03:00 PM,http://www.redfin.com/VA/Alexandria/114-Cameron-Station-Blvd-22304/home/11873901,BRIGHT MLS,VAAX2001408,N,Y,38.8114144,-77.1194011
MLS Listing,,Townhouse,6603 Netties Ln #1711,Alexandria,VA,22315,420000,2,2.5,CONDOMINIUM AT ISLAND CR,1142,,1995,10,368,317,Active,August-15-2021 01:00 PM,August-15-2021 03:00 PM,http://www.redfin.com/VA/Alexandria/6603-Netties-Ln-22315/unit-1711/home/9808036,BRIGHT MLS,VAFX2011834,N,Y,38.7495824,-77.1716576
MLS Listing,,Condo/Co-op,2050 Jamieson Ave #1013,Alexandria,VA,22314,575000,2,2.0,THE JAMIESON,1067,,2008,10,539,595,Active,,,http://www.redfin.com/VA/Alexandria/2050-Jamieson-Ave-22314/unit-1013/home/18974184,BRIGHT MLS,VAAX2002142,N,Y,38.8034343,-77.0651982
MLS Listing,,Condo/Co-op,1603 Belle View Blvd Unit A2,Alexandria,VA,22307,239000,1,1.0,BELLE VIEW,623,,1950,10,384,297,Active,August-15-2021 02:00 PM,August-15-2021 04:00 PM,http://www.redfin.com/VA/Alexandria/1603-Belle-View-Blvd-22307/unit-A2/home/9793664,BRIGHT MLS,VAFX2012194,N,Y,38.774672,-77.059838
MLS Listing,,Townhouse,320 N Henry St,Alexandria,VA,22314,897300,3,2.5,OLD TOWN ALEXANDRIA,1532,1975,1920,10,586,,Active,August-15-2021 02:00 PM,August-15-2021 04:00 PM,http://www.redfin.com/VA/Alexandria/320-N-Henry-St-22314/home/11840267,BRIGHT MLS,VAAX2001838,N,Y,38.8086495,-77.0510674
MLS Listing,,Townhouse,6531 Kemper Lakes Ct,Alexandria,VA,22312,535000,3,3.5,PINECREST,1596,1500,1986,10,335,89,Active,August-15-2021 01:00 PM,August-15-2021 03:00 PM,http://www.redfin.com/VA/Alexandria/6531-Kemper-Lakes-Ct-22312/home/9723266,BRIGHT MLS,VAFX2010144,N,Y,38.826208,-77.165839
MLS Listing,,Condo/Co-op,306 Duncan Ave E Unit E,Alexandria,VA,22301,229900,1,1.0,ALEXANDRIA SQUARE,437,,1940,10,526,339,Active,,,http://www.redfin.com/VA/Alexandria/306-E-Duncan-Ave-22301/unit-E/home/11871218,BRIGHT MLS,VAAX260902,N,Y,38.8227334,-77.0553191
MLS Listing,,Condo/Co-op,6870 Brindle Heath Way #191,Alexandria,VA,22315,259900,1,1.0,ETON SQUARE CONDO,742,,1993,10,350,384,Active,August-15-2021 01:00 PM,August-15-2021 03:00 PM,http://www.redfin.com/VA/Alexandria/6870-Brindle-Heath-Way-22315/unit-191/home/9784405,BRIGHT MLS,VAFX2003404,N,Y,38.768168,-77.142293
MLS Listing,,Single Family Residential,821 N Latham St,Alexandria,VA,22304,730000,4,3.0,BELLE WOOD,1911,10218,1960,10,382,,Active,,,http://www.redfin.com/VA/Alexandria/821-N-Latham-St-22304/home/11853585,BRIGHT MLS,VAAX2002098,N,Y,38.8197131,-77.1112511
MLS Listing,,Townhouse,5218 Martinique Ln,Alexandria,VA,22315,515000,4,3.5,D EVEREAUX WEST,2220,1500,1983,10,232,108,Active,,,http://www.redfin.com/VA/Alexandria/5218-Martinique-Ln-22315/home/9782860,BRIGHT MLS,VAFX2010698,N,Y,38.768903,-77.128378
MLS Listing,,Townhouse,5510 Maplefield Pl,Alexandria,VA,22310,525000,3,3.0,MAPLEFIELD,2176,1540,1978,10,241,67,Active,,,http://www.redfin.com/VA/Alexandria/5510-Maplefield-Pl-22310/home/9753818,BRIGHT MLS,VAFX2013034,N,Y,38.785746,-77.1294945
MLS Listing,,Townhouse,4304 Wyres St,Alexandria,VA,22309,405000,3,3.5,ASPEN GLEN,1398,1937,1982,10,290,150,Active,,,http://www.redfin.com/VA/Alexandria/4304-Wyres-St-22309/home/9814664,BRIGHT MLS,VAFX2009248,N,Y,38.7348659,-77.108058
MLS Listing,,Townhouse,5210 Maris Ave,Alexandria,VA,22304,429900,3,2.5,PARKSIDE AT ALEXANDRIA,1925,,1963,10,223,417,Active,,,http://www.redfin.com/VA/Alexandria/5210-Maris-Ave-22304/home/11879188,BRIGHT MLS,VAAX2001792,N,Y,38.8248537,-77.1185579
MLS Listing,,Townhouse,6058 Chicory Pl,Alexandria,VA,22310,495000,2,3.5,VAN DORN VILLAGE,1220,1540,1988,10,406,89,Active,August-15-2021 01:00 PM,August-15-2021 04:00 PM,http://www.redfin.com/VA/Alexandria/6058-Chicory-Pl-22310/home/9754462,BRIGHT MLS,VAFX2008936,N,Y,38.7865587,-77.1404653
MLS Listing,,Condo/Co-op,1707 Dewitt Ave Unit G,Alexandria,VA,22301,291000,1,1.0,ALEXANDRIA SQUARE,509,,1940,10,572,395,Active,,,http://www.redfin.com/VA/Alexandria/1707-Dewitt-Ave-22301/unit-G/home/11870947,BRIGHT MLS,VAAX2002132,N,Y,38.8223551,-77.0556818
MLS Listing,,Townhouse,6543 Cypress Point Rd,Alexandria,VA,22312,499900,2,2.5,PINECREST SEC 6 SEC 7,1488,2175,1985,10,336,90,Active,August-15-2021 01:00 PM,August-15-2021 03:00 PM,http://www.redfin.com/VA/Alexandria/6543-Cypress-Point-Rd-22312/home/9719739,BRIGHT MLS,VAFX2011310,N,Y,38.8267778,-77.1695445
MLS Listing,,Single Family Residential,3915 Fairfax Pkwy,Alexandria,VA,22312,635000,4,3.0,BARCROFT TERRACE,2250,10500,1954,11,282,,Active,,,http://www.redfin.com/VA/Alexandria/3915-Fairfax-Pkwy-22312/home/9650523,BRIGHT MLS,VAFX2010554,N,Y,38.838277,-77.1464716
MLS Listing,,Townhouse,532 E Glendale Ave,Alexandria,VA,22301,650000,2,1.0,BRENTON,810,1380,1945,11,802,,Active,,,http://www.redfin.com/VA/Alexandria/532-E-Glendale-Ave-22301/home/11843701,BRIGHT MLS,VAAX2002058,N,Y,38.81779,-77.053474
MLS Listing,,Condo/Co-op,400 Madison St #807,Alexandria,VA,22314,774900,2,2.0,ALEXANDRIA HOUSE,1212,,1975,11,639,942,Active,,,http://www.redfin.com/VA/Alexandria/400-Madison-St-22314/unit-807/home/11841808,BRIGHT MLS,VAAX2002178,N,Y,38.8124313,-77.0424589
MLS Listing,,Townhouse,6465 Autumn Glen Ct,Alexandria,VA,22312,599900,3,3.5,AUTUMN GLEN,1760,2255,1986,11,341,83,Active,August-15-2021 01:00 PM,August-15-2021 04:00 PM,http://www.redfin.com/VA/Alexandria/6465-Autumn-Glen-Ct-22312/home/9723029,BRIGHT MLS,VAFX2011014,N,Y,38.8218444,-77.1548102
MLS Listing,,Condo/Co-op,1100 Quaker Hill Dr #309,Alexandria,VA,22314,365000,2,2.0,QUAKER HILL,1077,,1991,11,339,556,Active,,,http://www.redfin.com/VA/Alexandria/1100-Quaker-Hill-Dr-22314/unit-309/home/11870831,BRIGHT MLS,VAAX2002116,N,Y,38.809899,-77.0843715
MLS Listing,,Townhouse,523 Duke St,Alexandria,VA,22314,1725000,3,2.5,HISTORIC OLD TOWN,2432,1400,1842,11,709,,Active,,,http://www.redfin.com/VA/Alexandria/523-Duke-St-22314/home/11841476,BRIGHT MLS,VAAX2001106,N,Y,38.8027756,-77.0461246
MLS Listing,,Single Family Residential,6354 Alderman Dr,Alexandria,VA,22315,775000,4,3.5,KINGSTOWNE,3847,5979,1995,11,201,110,Active,,,http://www.redfin.com/VA/Alexandria/6354-Alderman-Dr-22315/home/9785572,BRIGHT MLS,VAFX2012104,N,Y,38.7512909,-77.1636822
MLS Listing,,Condo/Co-op,3306 Wyndham Cir #227,Alexandria,VA,22302,260000,1,1.0,POINTE AT PARK C,530,,1990,11,491,321,Active,,,http://www.redfin.com/VA/Alexandria/3306-Wyndham-Cir-22302/unit-227/home/11876875,BRIGHT MLS,VAAX2002082,N,Y,38.834698,-77.102283
MLS Listing,,Condo/Co-op,5300 Holmes Run Pkwy #219,Alexandria,VA,22304,250000,1,1.0,GREENHOUSE,815,,1975,11,307,478,Active,,,http://www.redfin.com/VA/Alexandria/5300-Holmes-Run-Pkwy-22304/unit-219/home/11855587,BRIGHT MLS,VAAX2002238,N,Y,38.8152981,-77.1219453
MLS Listing,,Townhouse,6252 Summit Point Ct,Alexandria,VA,22310,699000,3,3.5,FOSTERS CREST,2263,1968,2013,11,309,120,Active,,,http://www.redfin.com/VA/Alexandria/6252-Summit-Point-Ct-22310/home/44622688,BRIGHT MLS,VAFX2012954,N,Y,38.7723576,-77.153437
MLS Listing,,Townhouse,5219 Dunstable Ln,Alexandria,VA,22315,590000,3,3.0,KINGSTOWNE SEC 50,1930,1500,1995,11,306,105,Active,August-15-2021 01:00 PM,August-15-2021 03:00 PM,http://www.redfin.com/VA/Alexandria/5219-Dunstable-Ln-22315/home/9754972,BRIGHT MLS,VAFX2008462,N,Y,38.779259,-77.125898
MLS Listing,,Townhouse,151 Dale St,Alexandria,VA,22305,609900,3,2.0,HUME SPRINGS,1024,1312,1950,11,596,,Active,,,http://www.redfin.com/VA/Alexandria/151-Dale-St-22305/home/11847789,BRIGHT MLS,VAAX2002192,N,Y,38.837977,-77.060354
MLS Listing,,Townhouse,6607 Thackwell Way #2205,Alexandria,VA,22315,400000,2,2.5,CONDOMINIUM AT ISLAND CR,1142,,1996,11,350,317,Active,,,http://www.redfin.com/VA/Alexandria/6607-Thackwell-Way-22315/unit-2205/home/9808093,BRIGHT MLS,VAFX2012028,N,Y,38.749119,-77.1731269
MLS Listing,,Condo/Co-op,6616 E Wakefield Dr Unit A1,Alexandria,VA,22307,295000,2,1.0,BELLE VIEW,793,,1950,12,372,295,Active,,,http://www.redfin.com/VA/Alexandria/6616-E-Wakefield-Dr-22307/unit-A1/home/9794644,BRIGHT MLS,VAFX2011690,N,Y,38.774149,-77.056339
MLS Listing,,Condo/Co-op,922 S Washington St #109,Alexandria,VA,22314,250000,1,1.0,BEARINGS SOUTH,632,,1941,12,396,419,Active,,,http://www.redfin.com/VA/Alexandria/922-S-Washington-St-22314/unit-109/home/11878844,BRIGHT MLS,VAAX2002124,N,Y,38.7950018,-77.0486507
MLS Listing,,Townhouse,8018 Sky Blue Dr,Alexandria,VA,22315,495000,2,3.5,WOODSTONE,2061,1400,1988,13,240,102,Active,August-15-2021 01:00 PM,August-15-2021 03:00 PM,http://www.redfin.com/VA/Alexandria/8018-Sky-Blue-Dr-22315/home/9807260,BRIGHT MLS,VAFX2001474,N,Y,38.7392943,-77.1701524
MLS Listing,,Condo/Co-op,60 S Van Dorn St #418,Alexandria,VA,22304,155000,0,1.0,TWENTY-ONE,496,,2005,13,313,312,Active,,,http://www.redfin.com/VA/Alexandria/60-S-Van-Dorn-St-22304/unit-418/home/11880003,BRIGHT MLS,VAAX2002086,N,Y,38.8124601,-77.1284324
MLS Listing,,Townhouse,934 N Alfred St,Alexandria,VA,22314,1200000,3,3.5,OLD TOWN COMMONS,2010,987,2014,13,597,100,Active,,,http://www.redfin.com/VA/Alexandria/934-N-Alfred-St-22314/home/49794729,BRIGHT MLS,VAAX2001626,N,Y,38.8153161,-77.0472558
MLS Listing,,Townhouse,104 E Rosemont Ave,Alexandria,VA,22301,629900,2,1.0,ROSEMONT,952,1292,1950,14,662,,Active,August-15-2021 01:00 PM,August-15-2021 03:00 PM,http://www.redfin.com/VA/Alexandria/104-E-Rosemont-Ave-22301/home/11843567,BRIGHT MLS,VAAX2002114,N,Y,38.8103624,-77.0581259
MLS Listing,,Townhouse,5104 Observation Way,Alexandria,VA,22312,585500,4,3.0,LINCOLNIA MEWS,1950,1520,1992,14,300,80,Active,,,http://www.redfin.com/VA/Alexandria/5104-Observation-Way-22312/home/9724536,BRIGHT MLS,VAFX2011144,N,Y,38.8137235,-77.1475685
MLS Listing,,Condo/Co-op,4256 Buckman Rd #26,Alexandria,VA,22309,145000,1,1.0,PINEWOOD SOUTH,700,,1965,14,207,405,Active,,,http://www.redfin.com/VA/Alexandria/4256-Buckman-Rd-22309/unit-26/home/9814578,BRIGHT MLS,VAFX2007286,N,Y,38.730165,-77.107388
MLS Listing,,Single Family Residential,2504 Cavendish Dr,Alexandria,VA,22308,650000,3,2.5,STRATFORD LANDING,1944,10800,1959,14,334,,Active,,,http://www.redfin.com/VA/Alexandria/2504-Cavendish-Dr-22308/home/9818589,BRIGHT MLS,VAFX2012102,N,Y,38.725618,-77.0757159
MLS Listing,,Condo/Co-op,5831 Quantrell Ave #206,Alexandria,VA,22312,179900,2,1.0,THE SEASONS,720,,1963,14,250,416,Active,,,http://www.redfin.com/VA/Alexandria/5831-Quantrell-Ave-22312/unit-206/home/11856269,BRIGHT MLS,VAAX2001902,N,Y,38.8184249,-77.1347728
MLS Listing,,Townhouse,5938 Heatherwood Ct,Alexandria,VA,22310,565000,3,3.5,RUNNYMEADE SEC 3,1512,1500,1985,14,374,73,Active,,,http://www.redfin.com/VA/Alexandria/5938-Heatherwood-Ct-22310/home/9754050,BRIGHT MLS,VAFX2011634,N,Y,38.789318,-77.144084
MLS Listing,,Condo/Co-op,3705 S George Mason Dr Unit 718S,Falls Church,VA,22041,258000,1,1.0,SKYLINE PLAZA S,752,,1975,14,343,416,Active,August-15-2021 02:00 PM,August-15-2021 04:00 PM,http://www.redfin.com/VA/Falls-Church/3705-S-George-Mason-Dr-22041/unit-718S/home/9658118,BRIGHT MLS,VAFX2011986,N,Y,38.84292,-77.1137662
MLS Listing,,Single Family Residential,6414 Cottonwood Dr,Alexandria,VA,22310,549900,4,3.0,ROSE HILL PARK,1096,12933,1959,14,502,,Active,,,http://www.redfin.com/VA/Alexandria/6414-Cottonwood-Dr-22310/home/9788494,BRIGHT MLS,VAFX2012218,N,Y,38.7770733,-77.114856
MLS Listing,,Condo/Co-op,203 Yoakum Pkwy #903,Alexandria,VA,22304,289900,2,2.0,WATERGATE AT LANDMARK,1098,,1975,14,264,869,Active,,,http://www.redfin.com/VA/Alexandria/203-Yoakum-Pkwy-22304/unit-903/home/11857742,BRIGHT MLS,VAAX2002014,N,Y,38.8104071,-77.1404453
MLS Listing,,Condo/Co-op,3754 Gunston Rd #904,Alexandria,VA,22302,365000,2,1.0,PARKFAIRFAX,930,,1941,14,392,477,Active,,,http://www.redfin.com/VA/Alexandria/3754-Gunston-Rd-22302/unit-904/home/22662877,BRIGHT MLS,VAAX2002102,N,Y,38.8398382,-77.0820873
MLS Listing,,Townhouse,6112 Joust Ln,Alexandria,VA,22315,549000,4,3.5,KINGSTOWNE SEC 24,1220,1500,1987,15,450,105,Active,,,http://www.redfin.com/VA/Alexandria/6112-Joust-Ln-22315/home/9787707,BRIGHT MLS,VAFX2004444,N,Y,38.7622595,-77.1443033
MLS Listing,,Single Family Residential,8600 Bound Brook Ln,Alexandria,VA,22309,699000,4,3.0,RIVERSIDE ESTATES,2654,10502,1964,15,263,,Active,,,http://www.redfin.com/VA/Alexandria/8600-Bound-Brook-Ln-22309/home/9816061,BRIGHT MLS,VAFX2011368,N,Y,38.724834,-77.0881259
MLS Listing,,Townhouse,7515 Collins Meade Way,Alexandria,VA,22315,625000,3,3.5,KINGSTOWNE SEC 5 SEC 6 S,2000,1653,1990,15,313,105,Active,August-15-2021 01:00 PM,August-15-2021 03:00 PM,http://www.redfin.com/VA/Alexandria/7515-Collins-Meade-Way-22315/home/9785844,BRIGHT MLS,VAFX2002314,N,Y,38.754971,-77.152265
MLS Listing,,Townhouse,402 E Howell Ave Unit A,Alexandria,VA,22301,735000,3,2.0,RIVER TERRACE,1305,2875,1940,15,563,,Active,August-15-2021 11:00 AM,August-15-2021 01:00 PM,http://www.redfin.com/VA/Alexandria/402-E-Howell-Ave-22301/unit-A/home/11844679,BRIGHT MLS,VAAX2001906,N,Y,38.8244184,-77.0539219
MLS Listing,,Single Family Residential,8006 Imperial St,Alexandria,VA,22309,550000,5,2.0,MT VERNON VALLEY,2200,10560,1965,15,250,,Active,,,http://www.redfin.com/VA/Alexandria/8006-Imperial-St-22309/home/9811389,BRIGHT MLS,VAFX2011842,N,Y,38.7403241,-77.1143805
MLS Listing,,Townhouse,3417 Martha Custis Dr,Alexandria,VA,22302,368000,2,1.0,PARKFAIRFAX,930,,1941,15,396,490,Active,,,http://www.redfin.com/VA/Alexandria/3417-Martha-Custis-Dr-22302/home/11861069,BRIGHT MLS,VAAX2002076,N,Y,38.8367342,-77.0833366
MLS Listing,,Condo/Co-op,114 Roberts Ln #200,Alexandria,VA,22314,377500,2,2.0,FORT ELLSWORTH,1118,,1974,15,338,562,Active,,,http://www.redfin.com/VA/Alexandria/114-Roberts-Ln-22314/unit-200/home/11850708,BRIGHT MLS,VAAX2001476,N,Y,38.807719,-77.071994
MLS Listing,,Condo/Co-op,3101 N Hampton Dr #1305,Alexandria,VA,22302,344900,1,1.0,NORTHAMPTON PLACE,715,,2004,15,482,484,Active,August-15-2021 01:00 PM,August-15-2021 04:00 PM,http://www.redfin.com/VA/Alexandria/3101-N-Hampton-Dr-22302/unit-1305/home/11877407,BRIGHT MLS,VAAX2001892,N,Y,38.8381428,-77.1055022
MLS Listing,,Single Family Residential,5503 Calhoun Ave,Alexandria,VA,22311,800000,4,2.0,DOWDEN TERRACE,1870,20137,1950,15,428,,Active,,,http://www.redfin.com/VA/Alexandria/5503-Calhoun-Ave-22311/home/11857243,BRIGHT MLS,VAAX2001974,N,Y,38.8405011,-77.1239098
MLS Listing,,Single Family Residential,926 28th St S,Arlington,VA,22202,1799000,5,4.5,OAKCREST,5037,9670,2021,15,357,,Active,,,http://www.redfin.com/VA/Arlington/926-28th-St-S-22202/home/175529917,BRIGHT MLS,VAAR2002394,N,Y,38.8465107,-77.0633223
MLS Listing,,Townhouse,118 Wolfe St,Alexandria,VA,22314,979990,3,2.5,OLD TOWN ALEXANDRIA,1764,658,1790,15,556,,Active,,,http://www.redfin.com/VA/Alexandria/118-Wolfe-St-22314/home/11842671,BRIGHT MLS,VAAX2001604,N,Y,38.800748,-77.041841
MLS Listing,,Condo/Co-op,4860 Eisenhower Ave #484,Alexandria,VA,22304,364950,2,2.0,EXCHANGE AT VAN DORN,1094,,2003,15,334,508,Active,,,http://www.redfin.com/VA/Alexandria/4860-Eisenhower-Ave-22333/unit-484/home/11878610,BRIGHT MLS,VAAX2001986,N,Y,38.8013042,-77.1193026
MLS Listing,,Condo/Co-op,4860 Eisenhower Ave #191,Alexandria,VA,22304,360000,2,2.0,EXCHANGE AT VAN DORN,1284,,2003,15,280,589,Active,,,http://www.redfin.com/VA/Alexandria/4860-Eisenhower-Ave-22333/unit-191/home/11878550,BRIGHT MLS,VAAX2001988,N,Y,38.8013042,-77.1193026
MLS Listing,,Single Family Residential,5623 Norton Rd,Alexandria,VA,22303,500000,3,1.0,BURGUNDY VILLAGE,875,7200,1952,15,571,,Active,,,http://www.redfin.com/VA/Alexandria/5623-Norton-Rd-22303/home/9756613,BRIGHT MLS,VAFX2011314,N,Y,38.7975929,-77.0927568
MLS Listing,,Condo/Co-op,801 N Pitt St #307,Alexandria,VA,22314,219000,0,1.0,PORT ROYAL,384,,1965,15,570,394,Active,August-15-2021 02:00 PM,August-15-2021 03:30 PM,http://www.redfin.com/VA/Alexandria/801-N-Pitt-St-22314/unit-307/home/11866834,BRIGHT MLS,VAAX2000216,N,Y,38.8133756,-77.042279
MLS Listing,,Townhouse,5311 Arapaho Ln,Alexandria,VA,22312,569950,3,2.5,WINDY HILL AT LINCOLNIA,2023,1200,1999,15,282,126,Active,,,http://www.redfin.com/VA/Alexandria/5311-Arapaho-Ln-22312/home/9724787,BRIGHT MLS,VAFX2011266,N,Y,38.80682,-77.162706
MLS Listing,,Condo/Co-op,4600 Duke St #1406,Alexandria,VA,22304,237500,2,1.0,FORTY SIX HUNDRED,1105,,1967,15,215,650,Active,,,http://www.redfin.com/VA/Alexandria/4600-Duke-St-22304/unit-1406/home/11858504,BRIGHT MLS,VAAX2001376,N,Y,38.8109268,-77.1115249
MLS Listing,,Single Family Residential,6402 14th St,Alexandria,VA,22307,695000,2,1.5,NEW ALEXANDRIA,1380,7000,1942,15,504,,Active,,,http://www.redfin.com/VA/Alexandria/6402-14th-St-22307/home/9763932,BRIGHT MLS,VAFX2011222,N,Y,38.7791417,-77.0596511
MLS Listing,,Condo/Co-op,6905 Victoria Dr Unit A,Alexandria,VA,22310,294900,2,2.0,MANCHESTER LAKES,833,,1987,15,354,405,Active,August-15-2021 02:00 PM,August-15-2021 04:00 PM,http://www.redfin.com/VA/Alexandria/6905-Victoria-Dr-22310/unit-A/home/9781395,BRIGHT MLS,VAFX2011882,N,Y,38.7681229,-77.150988
MLS Listing,,Townhouse,5915 Edgehill Dr,Alexandria,VA,22303,549000,3,1.0,JEFFERSON MANOR,1116,3677,1947,16,492,,Active,,,http://www.redfin.com/VA/Alexandria/5915-Edgehill-Dr-22303/home/9761540,BRIGHT MLS,VAFX2011946,N,Y,38.7895845,-77.0802673
MLS Listing,,Single Family Residential,8052 Winstead Manor Ln,Lorton,VA,22079,1225000,7,4.5,WINSTEAD MANOR,6783,8473,2004,16,181,88,Active,August-15-2021 01:00 PM,August-15-2021 03:00 PM,http://www.redfin.com/VA/Lorton/8052-Winstead-Manor-Ln-22079/home/9843697,BRIGHT MLS,VAFX2011054,N,Y,38.737645,-77.171529
MLS Listing,,Vacant Land,6418 Third St,Alexandria,VA,22312,350000,,,WEYANOKE,,5500,,16,,,Active,,,http://www.redfin.com/VA/Lincolnia/6418-3rd-St-22312/home/169770223,BRIGHT MLS,VAFX2011218,N,Y,38.8184851,-77.1523147
MLS Listing,,Single Family Residential,6204 Everglades Dr,Alexandria,VA,22312,589900,4,1.5,PARKLAWN,1542,10500,1956,16,383,,Active,,,http://www.redfin.com/VA/Alexandria/6204-Everglades-Dr-22312/home/9653242,BRIGHT MLS,VAFX2009854,N,Y,38.8340642,-77.1418428
MLS Listing,,Condo/Co-op,334 S West St,Alexandria,VA,22314,699900,2,2.5,OLD TOWN VILLAGE,1471,,1997,16,476,507,Active,,,http://www.redfin.com/VA/Alexandria/334-S-West-St-22314/home/11874576,BRIGHT MLS,VAAX2001820,N,Y,38.8026697,-77.0552279
MLS Listing,,Townhouse,201 Gibbon St,Alexandria,VA,22314,1520000,4,3.5,POMMANDER WALK,2368,1863,1820,16,642,,Active,,,http://www.redfin.com/VA/Alexandria/201-Gibbon-St-22314/home/11842415,BRIGHT MLS,VAAX2001576,N,Y,38.7988296,-77.0428412
MLS Listing,,Single Family Residential,5208 Clinton Rd,Alexandria,VA,22312,875000,5,3.5,SPRING VALLEY FOREST,2234,15277,1972,16,392,,Active,August-15-2021 01:00 PM,August-15-2021 04:00 PM,http://www.redfin.com/VA/Alexandria/5208-Clinton-Rd-22312/home/9722283,BRIGHT MLS,VAFX2011680,N,Y,38.8110878,-77.1686697
MLS Listing,,Townhouse,3306 Beechcliff Dr,Alexandria,VA,22306,595000,5,3.5,HOLLY ACRES,3015,1760,2006,16,197,125,Active,August-15-2021 01:00 PM,August-15-2021 04:00 PM,http://www.redfin.com/VA/Alexandria/3306-Beechcliff-Dr-22306/home/9855782,BRIGHT MLS,VAFX2010786,N,Y,38.7634115,-77.0870805
MLS Listing,,Townhouse,6329 Chaucer View Cir,Alexandria,VA,22304,820000,3,4.0,LANDMARK MEWS,3015,2366,1987,16,272,165,Active,August-15-2021 01:00 PM,August-15-2021 03:00 PM,http://www.redfin.com/VA/Alexandria/6329-Chaucer-View-Cir-22304/home/9725000,BRIGHT MLS,VAFX2007644,N,Y,38.81055,-77.144671
MLS Listing,,Single Family Residential,8227 Kings Arm Dr,Alexandria,VA,22308,759000,4,2.0,KIRK,1320,11013,1961,16,575,,Active,August-15-2021 01:00 PM,August-15-2021 04:00 PM,http://www.redfin.com/VA/Alexandria/8227-Kings-Arm-Dr-22308/home/9818852,BRIGHT MLS,VAFX2011852,N,Y,38.7336651,-77.0696003
MLS Listing,,Single Family Residential,4800 Flower Ln,Alexandria,VA,22310,520000,3,1.5,ROSE HILL FARM,1352,10665,1954,16,385,,Active,,,http://www.redfin.com/VA/Alexandria/4800-Flower-Ln-22310/home/9757810,BRIGHT MLS,VAFX2010992,N,Y,38.7805249,-77.1155942
MLS Listing,,Condo/Co-op,6621 Wakefield Dr #819,Alexandria,VA,22307,199500,1,1.0,RIVER TOWERS CONDO,714,,1963,16,279,560,Active,August-15-2021 02:00 PM,August-15-2021 04:00 PM,http://www.redfin.com/VA/Alexandria/6621-Wakefield-Dr-22307/unit-819/home/9794454,BRIGHT MLS,VAFX2011578,N,Y,38.7722192,-77.0559517
MLS Listing,,Townhouse,564 N West St,Alexandria,VA,22314,774900,2,3.0,COLECROFT,1722,812,1987,16,450,93,Active,August-15-2021 02:00 PM,August-15-2021 04:00 PM,http://www.redfin.com/VA/Alexandria/564-N-West-St-22314/home/11868807,BRIGHT MLS,VAAX2001842,N,Y,38.8116147,-77.0536343
MLS Listing,,Condo/Co-op,3304 Wyndham Cir #237,Alexandria,VA,22302,250000,1,1.0,POINTE AT PARK C,639,,1990,16,391,389,Active,,,http://www.redfin.com/VA/Alexandria/3304-Wyndham-Cir-22302/unit-237/home/11876590,BRIGHT MLS,VAAX2002030,N,Y,38.835062,-77.102106
MLS Listing,,Single Family Residential,317 Lamond Pl,Alexandria,VA,22314,1142500,4,2.0,ORCHARD VALLEY,2156,10305,1962,16,530,,Active,,,http://www.redfin.com/VA/Alexandria/317-Lamond-Pl-22314/home/11850923,BRIGHT MLS,VAAX2001716,N,Y,38.8123069,-77.0728605
MLS Listing,,Single Family Residential,2953 Viewpoint Rd,Alexandria,VA,22314,975000,5,3.0,CLOVER,2281,7200,1955,16,427,,Active,,,http://www.redfin.com/VA/Alexandria/2953-Viewpoint-Rd-22314/home/11850955,BRIGHT MLS,VAAX2001258,N,Y,38.809629,-77.0799876
MLS Listing,,Single Family Residential,23 W Wyatt Ave,Alexandria,VA,22301,1545000,5,4.5,ROSECREST,3134,5000,1935,16,493,,Active,,,http://www.redfin.com/VA/Alexandria/23-W-Wyatt-Ave-22301/home/22668759,BRIGHT MLS,VAAX2002036,N,Y,38.8269425,-77.0634395
MLS Listing,,Condo/Co-op,6610-D Jupiter Hills Cir Unit D,Alexandria,VA,22312,350000,2,2.0,CARR AT THE,1173,,1986,16,298,416,Active,,,http://www.redfin.com/VA/Alexandria/6610D-Jupiter-Hills-Cir-22312/unit-D/home/175897087,BRIGHT MLS,VAFX2010880,N,Y,38.8261589,-77.171536
MLS Listing,,Townhouse,6480 Brickleigh Ct,Alexandria,VA,22315,499000,2,3.5,AMBERLEIGH SEC 7,1212,2074,1988,16,412,35,Active,,,http://www.redfin.com/VA/Alexandria/6480-Brickleigh-Ct-22315/home/9779867,BRIGHT MLS,VAFX2011782,N,Y,38.759672,-77.166402
MLS Listing,,Townhouse,3903 Charles Ave,Alexandria,VA,22305,720000,2,2.5,SUNNYSIDE,1940,1500,1994,16,371,119,Active,August-15-2021 02:00 PM,August-15-2021 04:00 PM,http://www.redfin.com/VA/Alexandria/3903-Charles-Ave-22305/home/11869484,BRIGHT MLS,VAAX2001850,N,Y,38.8414975,-77.0661485
MLS Listing,,Condo/Co-op,17 Auburn Ct Unit C,Alexandria,VA,22305,245000,1,1.0,AUBURN VILLAGE,700,,1939,16,350,405,Active,,,http://www.redfin.com/VA/Alexandria/17-Auburn-Ct-22305/unit-C/home/11864467,BRIGHT MLS,VAAX2001996,N,Y,38.8346408,-77.056074
MLS Listing,,Condo/Co-op,307 Yoakum Pkwy #1726,Alexandria,VA,22304,359900,3,2.0,WATERGATE AT LANDMARK,1621,,1977,16,222,1194,Active,,,http://www.redfin.com/VA/Alexandria/307-Yoakum-Pkwy-22304/unit-1726/home/11859927,BRIGHT MLS,VAAX2001916,N,Y,38.8086266,-77.1433764
MLS Listing,,Single Family Residential,9009 Charles Augustine Dr,Alexandria,VA,22308,949900,5,3.0,RIVER BEND ESTS,1860,25424,1974,16,511,,Active,,,http://www.redfin.com/VA/Alexandria/9009-Charles-Augustine-Dr-22308/home/9828410,BRIGHT MLS,VAFX2010578,N,Y,38.7136617,-77.0591672
MLS Listing,,Single Family Residential,6318 Seventh St,Alexandria,VA,22312,1250000,4,3.5,KEYES LINCOLNIA PARK,3889,153366,1982,16,321,,Active,,,http://www.redfin.com/VA/Alexandria/6318-7th-St-22312/home/9724350,BRIGHT MLS,VAFX2008220,N,Y,38.8157321,-77.150988
MLS Listing,,Condo/Co-op,801 S Pitt St #330,Alexandria,VA,22314,419000,1,1.0,ST ASAPH SQUARE,814,,1982,16,515,614,Active,August-15-2021 02:00 PM,August-15-2021 04:00 PM,http://www.redfin.com/VA/Alexandria/801-S-Pitt-St-22314/unit-330/home/11866267,BRIGHT MLS,VAAX2000480,N,Y,38.7959476,-77.0468459
MLS Listing,,Condo/Co-op,5958 Founders Hill Dr #303,Alexandria,VA,22310,429900,3,3.0,FOUNDERS WALK CONDO,1258,,1998,16,342,345,Active,,,http://www.redfin.com/VA/Alexandria/5958-Founders-Hill-Dr-22310/unit-303/home/9755324,BRIGHT MLS,VAFX2011516,N,Y,38.7898002,-77.1401574
MLS Listing,,Single Family Residential,830 Oronoco St,Alexandria,VA,22314,1799000,3,2.5,CARRIAGE WORKS,2324,2260,1870,16,774,,Active,,,http://www.redfin.com/VA/Alexandria/830-Oronoco-St-22314/home/11840906,BRIGHT MLS,VAAX259400,N,Y,38.8097385,-77.0479715
MLS Listing,,Condo/Co-op,250 S Reynolds St #203,Alexandria,VA,22304,339000,2,2.0,TEMPLETON OF ALEXANDRIA,1436,,1974,16,236,770,Active,,,http://www.redfin.com/VA/Alexandria/250-S-Reynolds-St-22304/unit-203/home/11854631,BRIGHT MLS,VAAX2001928,N,Y,38.8103592,-77.1274939
MLS Listing,,Single Family Residential,5602 Tower Hill Cir,Alexandria,VA,22315,939000,4,4.0,KINGSTOWNE,2766,5196,2004,16,339,105,Active,,,http://www.redfin.com/VA/Alexandria/5602-Tower-Hill-Cir-22315/home/9841761,BRIGHT MLS,VAFX2011232,N,Y,38.7738435,-77.1321213
MLS Listing,,Condo/Co-op,8418 Orinda Ct #275,Alexandria,VA,22309,279900,3,1.5,PINEWOOD LAWNS CONDO,1178,,1972,16,238,275,Active,,,http://www.redfin.com/VA/Alexandria/8418-Orinda-Ct-22309/unit-275/home/9810216,BRIGHT MLS,VAFX2011128,N,Y,38.727037,-77.126473
MLS Listing,,Townhouse,2122 Farrington Ave,Alexandria,VA,22303,449000,2,1.0,HUNTINGTON,1016,4795,1947,16,442,,Active,,,http://www.redfin.com/VA/Alexandria/2122-Farrington-Ave-22303/home/9760435,BRIGHT MLS,VAFX2010944,N,Y,38.7936916,-77.0669022
MLS Listing,,Single Family Residential,7823 Yorktown Dr,Alexandria,VA,22308,585000,3,1.5,HOLLIN HALL VILLAGE,1288,11247,1952,16,454,,Active,,,http://www.redfin.com/VA/Alexandria/7823-Yorktown-Dr-22308/home/9817826,BRIGHT MLS,VAFX2009794,N,Y,38.7447617,-77.0587625
MLS Listing,,Townhouse,6522 Birchleigh Way,Alexandria,VA,22315,499950,3,3.0,AMBERLEIGH SEC 3,1212,1424,1983,16,413,100,Active,,,http://www.redfin.com/VA/Alexandria/6522-Birchleigh-Way-22315/home/9779578,BRIGHT MLS,VAFX2005854,N,Y,38.75835,-77.169904
MLS Listing,,Single Family Residential,124 Sylvan Ct,Alexandria,VA,22304,949000,3,2.5,FT WILLIAMS PARK,2896,12000,1960,16,328,,Active,,,http://www.redfin.com/VA/Alexandria/124-Sylvan-Ct-22304/home/11852875,BRIGHT MLS,VAAX2001914,N,Y,38.8126315,-77.0935211
MLS Listing,,Townhouse,5115 Donovan Dr,Alexandria,VA,22304,630000,3,2.5,OAKLAND HALL,1784,,1999,16,353,363,Active,,,http://www.redfin.com/VA/Alexandria/5115-Donovan-Dr-22304/unit-169/home/11875454,BRIGHT MLS,VAAX2001862,N,Y,38.8096927,-77.1201606
MLS Listing,,Townhouse,3818 Miramonte Pl Unit B,Alexandria,VA,22309,300000,3,2.5,SEQUOYAH,1300,,1977,17,231,530,Active,,,http://www.redfin.com/VA/Alexandria/3818-Miramonte-Pl-22309/unit-B/home/175892407,BRIGHT MLS,VAFX2011666,N,Y,38.7457473,-77.0967541
MLS Listing,,Single Family Residential,7018 Marlan Dr,Alexandria,VA,22307,1299999,4,3.0,MARLAN FOREST,3304,42656,1952,17,393,,Active,August-15-2021 02:00 PM,August-15-2021 04:00 PM,http://www.redfin.com/VA/Alexandria/7018-Marlan-Dr-22307/home/9793330,BRIGHT MLS,VAFX2010528,N,Y,38.7644515,-77.0593021
MLS Listing,,Condo/Co-op,301 N Beauregard St #1101,Alexandria,VA,22312,182500,1,1.0,THE FOUNTAINS,758,,1968,17,241,525,Active,,,http://www.redfin.com/VA/Alexandria/301-N-Beauregard-St-22312/unit-1101/home/11857001,BRIGHT MLS,VAAX2001536,N,Y,38.8198462,-77.138135
MLS Listing,,Condo/Co-op,2500 N Van Dorn St #1525,Alexandria,VA,22302,270000,2,2.0,PARK PLACE,1042,,1965,17,259,828,Active,August-15-2021 01:00 PM,August-15-2021 03:00 PM,http://www.redfin.com/VA/Alexandria/2500-N-Van-Dorn-St-22302/unit-1525/home/11868050,BRIGHT MLS,VAAX2001614,N,Y,38.8326778,-77.0997478
MLS Listing,,Single Family Residential,5609 S Quaker Ln,Alexandria,VA,22303,949000,5,3.0,BURGUNDY VILLAGE,3408,9325,2007,17,278,,Active,,,http://www.redfin.com/VA/Alexandria/5609-S-Quaker-Ln-22303/home/9756745,BRIGHT MLS,VAFX2010722,N,Y,38.7983709,-77.0874964
MLS Listing,,Single Family Residential,6348 Hillcrest Pl,Alexandria,VA,22312,725000,3,3.5,LINCOLNIA HEIGHTS,2496,10500,1984,17,290,,Active,August-15-2021 01:00 PM,August-15-2021 04:00 PM,http://www.redfin.com/VA/Alexandria/6348-Hillcrest-Pl-22312/home/9722798,BRIGHT MLS,VAFX2009960,N,Y,38.8321029,-77.149123
MLS Listing,,Townhouse,819 Parker Gray School Way,Alexandria,VA,22314,1149000,3,3.5,OLD TOWN COMMONS,2250,1050,2012,17,511,100,Active,,,http://www.redfin.com/VA/Alexandria/819-Parker-Gray-School-Way-22314/home/40525361,BRIGHT MLS,VAAX2001876,N,Y,38.8138756,-77.0478195
MLS Listing,,Townhouse,334 N Patrick St,Alexandria,VA,22314,780000,3,2.5,PARKER GRAY,1498,1745,1900,17,521,,Active,August-15-2021 01:00 PM,August-15-2021 03:00 PM,http://www.redfin.com/VA/Alexandria/334-N-Patrick-St-22314/home/11840289,BRIGHT MLS,VAAX2001678,N,Y,38.808745,-77.0498014
MLS Listing,,Townhouse,8423 Mina Loma Ct #225,Alexandria,VA,22309,243250,2,1.0,PINEWOOD LAWNS CONDO,900,,1972,17,270,275,Active,,,http://www.redfin.com/VA/Alexandria/8423-Mina-Loma-Ct-22309/unit-225/home/9810166,BRIGHT MLS,VAFX2011622,N,Y,38.7269154,-77.1268908
MLS Listing,,Townhouse,711 Fords Landing Way,Alexandria,VA,22314,1180000,3,3.5,FORDS LANDING,1908,800,1998,17,618,196,Active,,,http://www.redfin.com/VA/Alexandria/711-Fords-Landing-Way-22314/home/11873167,BRIGHT MLS,VAAX2001904,N,Y,38.796814,-77.041043
MLS Listing,,Single Family Residential,2503 Stirrup Ln,Alexandria,VA,22308,729900,4,3.0,STRATFORD ON THE POTOMAC,2324,11200,1964,17,314,,Active,,,http://www.redfin.com/VA/Alexandria/2503-Stirrup-Ln-22308/home/9819192,BRIGHT MLS,VAFX2011554,N,Y,38.7278263,-77.0753112
MLS Listing,,Single Family Residential,9435 Mount Vernon Cir,Alexandria,VA,22309,1195000,6,5.5,MT VERNON ON THE,6648,19240,1985,17,180,133,Active,,,http://www.redfin.com/VA/Alexandria/9435-Mt-Vernon-Cir-22309/home/9827307,BRIGHT MLS,VAFX2006412,N,Y,38.7050444,-77.1177968
MLS Listing,,Condo/Co-op,701 Swann Ave Unit ONE-301,Alexandria,VA,22301,932900,2,2.5,POTOMAC  YARDS,1439,,2022,17,648,734,Active,August-15-2021 12:00 PM,August-15-2021 03:00 PM,http://www.redfin.com/VA/Alexandria/701-Swann-Ave-22301/unit-ONE-301/home/175888638,BRIGHT MLS,VAAX2001958,N,Y,38.8293894,-77.0502802
MLS Listing,,Single Family Residential,8516 Doyle Dr,Alexandria,VA,22308,699900,4,2.5,WAYNEWOOD,1910,15511,1957,17,366,,Active,,,http://www.redfin.com/VA/Alexandria/8516-Doyle-Dr-22308/home/9820128,BRIGHT MLS,VAFX2006836,N,Y,38.7249061,-77.047114
MLS Listing,,Condo/Co-op,5909 Founders Hill Dr #202,Alexandria,VA,22310,379900,2,2.0,FOUNDERS WALK CONDO,1057,,1996,17,359,345,Active,,,http://www.redfin.com/VA/Alexandria/5909-Founders-Hill-Dr-22310/unit-202/home/9755190,BRIGHT MLS,VAFX2010132,N,Y,38.7910417,-77.1401125
MLS Listing,,Townhouse,7212 Cherwell Ln,Alexandria,VA,22315,585000,4,3.5,KINGSTOWNE SEC 30,2178,2325,1989,17,269,102,Active,August-15-2021 01:00 PM,August-15-2021 04:00 PM,http://www.redfin.com/VA/Alexandria/7212-Cherwell-Ln-22315/home/9788200,BRIGHT MLS,VAFX2006480,N,Y,38.7609465,-77.1373984
MLS Listing,,Single Family Residential,3003 Franklin St,Alexandria,VA,22306,1199500,5,4.5,FAIRVIEW,5305,18375,2018,17,226,,Active,August-15-2021 02:00 PM,August-15-2021 04:00 PM,http://www.redfin.com/VA/Alexandria/3003-Franklin-St-22306/home/145613492,BRIGHT MLS,VAFX2009496,N,Y,38.7770991,-77.0821897
MLS Listing,,Single Family Residential,8415 Fort Hunt Rd,Alexandria,VA,22308,895000,4,3.5,WAYNEWOOD,1438,10692,1962,18,622,,Active,,,http://www.redfin.com/VA/Alexandria/8415-Fort-Hunt-Rd-22308/home/9820455,BRIGHT MLS,VAFX2010832,N,Y,38.7280511,-77.0573908
MLS Listing,,Single Family Residential,6111 Clovergrass Dr,Alexandria,VA,22310,529900,5,2.5,ROSE HILL FARM,2132,13931,1955,18,249,,Active,,,http://www.redfin.com/VA/Alexandria/6111-Clovergrass-Dr-22310/home/9757594,BRIGHT MLS,VAFX2008828,N,Y,38.7848331,-77.1109641
MLS Listing,,Condo/Co-op,5801 Quantrell Ave Unit L8,Alexandria,VA,22312,186999,2,1.0,THE SEASONS,900,,1963,18,208,520,Active,,,http://www.redfin.com/VA/Alexandria/5801-Quantrell-Ave-22312/unit-L8/home/11856402,BRIGHT MLS,VAAX2001430,N,Y,38.8187603,-77.134517
MLS Listing,,Condo/Co-op,301 N Beauregard St #713,Alexandria,VA,22312,280000,2,2.5,THE FOUNTAINS,1131,,1968,18,248,786,Active,,,http://www.redfin.com/VA/Alexandria/301-N-Beauregard-St-22312/unit-713/home/11856933,BRIGHT MLS,VAAX2001942,N,Y,38.8198462,-77.138135
MLS Listing,,Single Family Residential,4403 Coldbrooke Ct,Alexandria,VA,22306,639900,4,2.0,FIRST ADDITION TO STONEY,1845,11878,1972,18,347,5,Active,,,http://www.redfin.com/VA/Alexandria/4403-Coldbrooke-Ct-22306/home/9788680,BRIGHT MLS,VAFX2011220,N,Y,38.7677357,-77.1097858
MLS Listing,,Single Family Residential,5103 Colebrook Pl,Alexandria,VA,22312,888888,4,3.0,SPRING VALLEY FOREST,2451,15018,1969,18,363,1,Active,August-15-2021 01:30 PM,August-15-2021 04:00 PM,http://www.redfin.com/VA/Alexandria/5103-Colebrook-Pl-22312/home/9722292,BRIGHT MLS,VAFX2008028,N,Y,38.8128064,-77.1685798
MLS Listing,,Single Family Residential,2112 Belle View Blvd,Alexandria,VA,22307,689000,4,3.0,BUCKNELL MANOR,1896,8500,1950,19,363,,Active,August-15-2021 01:00 PM,August-15-2021 04:00 PM,http://www.redfin.com/VA/Alexandria/2112-Belle-View-Blvd-22307/home/9792945,BRIGHT MLS,VAFX2009202,N,Y,38.7723822,-77.0679815
MLS Listing,,Townhouse,129 Mount Vernon Ave,Alexandria,VA,22301,639000,2,1.0,ROSEMONT,952,1909,1950,19,671,,Active,August-15-2021 01:00 PM,August-15-2021 03:00 PM,http://www.redfin.com/VA/Alexandria/129-Mt-Vernon-Ave-22301/home/11843588,BRIGHT MLS,VAAX2001900,N,Y,38.809837,-77.057862
MLS Listing,,Condo/Co-op,250 S Reynolds St #1209,Alexandria,VA,22304,224000,1,1.5,TEMPLETON OF ALEXANDRIA,1262,,1974,19,177,660,Active,,,http://www.redfin.com/VA/Alexandria/250-S-Reynolds-St-22304/unit-1209/home/11854743,BRIGHT MLS,VAAX2001896,N,Y,38.8103592,-77.1274939
MLS Listing,,Condo/Co-op,1100 Quaker Hill Dr #10,Alexandria,VA,22314,375000,2,1.0,QUAKER HILL,1131,,1991,19,332,555,Active,,,http://www.redfin.com/VA/Alexandria/1100-Quaker-Hill-Dr-22314/unit-10/home/11870763,BRIGHT MLS,VAAX2001062,N,Y,38.809899,-77.0843715
MLS Listing,,Condo/Co-op,6621 Wakefield Dr #202,Alexandria,VA,22307,275000,3,2.0,RIVER TOWERS CONDO,1362,,1963,19,202,1040,Active,,,http://www.redfin.com/VA/Alexandria/6621-Wakefield-Dr-22307/unit-202/home/9794316,BRIGHT MLS,VAFX2010790,N,Y,38.7722192,-77.0559517
